uid,cls
202388889,1
1392518336,0
361208576,1
1535215357,1
4396196375,1
17938477,1
720288026681716737,1
174004739,1
53783678,1
257662370,1
4795355113,1
1633971270,1
2803810119,1
2244770588,1
102071251,1
3358825450,0
555940842,1
2469354073,0
360464656,0
77243076,1
1731752761,1
2330149164,0
2830586398,1
443273019,0
2591381383,0
1093716612,1
36620392,1
3437626995,1
387962514,1
2938363689,1
20930398,1
143697407,0
2291500309,1
352663209,1
14616266,1
2277153890,1
455246957,1
1400974436,1
449119247,1
330816423,1
29204608,1
2733660094,1
4756963587,0
22045364,0
4136625193,0
372046661,1
849310634,1
24036997,1
1141088486,0
3014684283,0
3293949957,1
727272715665690624,0
2752545437,1
14368656,1
20405419,1
2682726528,1
717841856785088512,1
2889092479,1
3182191980,0
2582869146,1
3092469172,1
2826839454,1
2660374267,1
261625073,1
233499930,0
2664749580,1
106594321,1
722573847430504448,1
3742834517,1
735391716887429120,0
241331375,0
442382315,1
16536054,1
81324827,1
583117972,1
15800855,0
705726066,1
68857077,1
197516080,1
8685682,1
2976908908,1
2701255986,1
620018150,1
271451861,0
194773838,1
2893677862,1
2392573227,1
1195278157,1
830253571,1
377029968,1
122799299,1
27317580,1
12754762,1
85973106,1
2873086293,0
15751454,1
591690042,1
4092854173,1
270212875,1
870857718,1
1663794048,0
862290265,0
707400118807482369,0
17389503,0
40768083,0
243053328,1
89662003,1
17369567,0
738921600,1
604476686,0
302563842,1
247944133,1
3331968983,1
252434425,1
2810127544,0
156333299,1
181336337,1
3097175972,0
186397253,1
2866782904,1
719914275771428866,0
4900376472,0
2412966416,0
174141832,1
64619482,1
394974502,1
2198704020,1
18155773,1
756335606607720450,1
732808088810618880,1
22286451,1
96235518,1
3091562110,1
3195714762,1
4112063532,1
125868025,1
737109737054056448,1
103153950,1
742777527467380742,1
2976487163,0
3123204560,1
307445751,0
250492272,1
237443755,1
33655372,1
385759660,1
2869813893,1
37374348,1
996399246,1
15801372,1
744682635188928512,0
3091636366,1
321213484,1
940237466,0
37214134,1
2585090000,1
861746341,1
3145741085,1
868252610,0
19780786,1
3556805776,1
710823996032290816,1
1534375489,1
262939560,1
360323271,1
2204642713,1
1574318594,1
4384693707,1
702559655461957632,1
266867158,1
484595690,1
768806279309512705,1
162500440,1
3073503603,0
1575902725,0
1199251308,1
48525928,1
215698464,1
2359225182,0
13854472,1
4853512997,0
4505360352,0
706466308976734208,0
889022935,1
2804090827,1
2218957290,1
305141481,1
2807496454,0
566871266,1
396787338,0
751804249084948480,1
1633951202,0
3059822856,1
324191116,1
2366569213,1
3237611533,1
93033299,1
2834652729,0
2679693610,1
33443030,1
609212773,1
139881843,1
13050712,1
1593911304,1
3105274249,1
3099191,1
766192139294367744,1
1194986731,1
4334014937,1
581109471,1
1624347776,1
5673082,1
1361623950,1
1319277674,1
1511217822,1
2489712225,1
156751345,1
714717134,1
23581650,1
4909093579,1
2440870033,1
70276986,1
22643886,1
376449628,1
746503986501541888,1
1619363983,0
2328392220,0
366081170,1
32943298,1
755161479326859264,1
30789320,1
761640324267552768,1
749905226,1
1049419069,0
948150751,1
1556914716,1
120661388,0
805488692,1
2399010342,0
2847958116,1
84909370,1
392579325,1
1491224984,1
454189198,1
859643052,1
3004713411,1
3231382825,1
317074915,0
377578563,1
357674179,1
757849337955180544,0
32499271,1
2881137610,1
14146356,1
23563560,1
3466002195,1
1715803561,1
741228795466768384,1
17589158,1
863004894,1
196728663,0
28027426,0
392904239,1
145739275,1
600761826,1
298982890,1
3255049069,1
436740696,1
752347799623196674,1
2593236660,0
4882314680,1
253363609,1
16280507,1
1339229832,0
2179534140,1
724950499536019456,0
710613745374920705,1
2516724463,1
19078594,1
286626183,0
274768374,0
521810110,0
564775361,1
44481763,1
301607114,0
760201676187918336,1
16675438,1
701264676,1
1313934584,1
2326301849,0
30714301,1
769649548604084227,1
251011762,1
725850449765535745,1
750460140604665856,1
4860375540,1
717875016667258880,1
6755322,0
42597573,1
528984189,1
4824442102,1
4032966483,1
2702449304,1
240655988,1
1681182696,1
254712855,1
235005003,1
408519846,0
506460264,1
17068636,0
28372736,1
6335572,1
33387382,1
523907371,0
707221196992020480,1
45506413,1
86656757,1
312282367,1
2461141921,0
762872863,1
541334839,1
214356248,0
363309009,1
752621591209488385,0
939543931,1
15459746,1
1318931731,1
3065516115,1
20179598,1
2557992329,0
750798507187941376,0
1801037154,0
517509150,1
128099263,1
228686398,1
4100826221,1
117560722,1
1908456235,1
3368114369,0
743232499069886464,1
482334246,1
552316727,1
4719090552,1
911518862,1
2989686880,0
706954713,1
19264069,1
16624549,1
981565406,1
45295692,1
757070187275231232,1
169604722,1
261306858,1
769149124360937472,1
2928711967,1
3374673945,1
18423141,1
2409729842,1
717136610517655552,1
2837893122,1
54653082,0
2973997244,1
16276186,1
205396981,1
3311663485,1
741027626211549184,1
2883128790,0
55787027,1
17689843,1
1021139648,1
2605287897,1
256363443,1
2356962151,1
179665810,0
107236390,1
2831337577,1
840430194,1
446413281,0
19739420,0
729080067817615360,1
485272452,1
2782626491,0
241395137,0
112520214,1
32947456,1
2735876188,1
2597132532,0
43438089,1
67031019,1
459379674,1
723516845425184769,1
734632509326151682,1
345062584,0
26179029,1
726635229226524672,1
471747935,1
764429523769106432,1
371337165,1
746633618345201664,1
3415253711,1
1646692903,1
870510614,1
95235772,1
596117217,1
548249031,0
124730134,1
32043963,1
484476168,1
966386515,1
715960297593376768,1
730900240149045248,1
62305817,1
2962194475,0
1467783212,1
4249177700,0
3198016616,1
2236299002,1
1642106527,0
129752995,1
1353877376,0
16063972,0
2380025412,1
2350402320,1
65363823,1
3688304901,1
422279039,1
966020486,1
965512627,1
1254436736,1
3000736965,0
741006180093440001,1
385204671,0
633271091,1
769588045859459073,1
14747394,1
730570399939973120,1
392969317,1
2353822818,1
863949348,1
22378806,0
3730977862,1
17276219,1
15630920,1
2578875530,1
67484867,1
15142804,0
764455186601504769,1
4712071932,1
904072386,1
147852554,0
1363651039,1
16282693,1
138093239,1
119119142,1
329897342,1
738238064779272192,1
52203579,1
42426688,1
1557723937,1
1582255662,1
973704955,1
121606839,0
20280591,1
735409626297012224,0
29837593,1
1622658864,1
1367666652,0
3258538129,1
203751233,1
37232932,1
173772400,1
515326848,1
40434781,1
3310269630,1
2726537421,1
1215350906,1
28174444,0
429724961,1
554264674,1
80308520,1
491666244,1
110874872,1
2373650969,0
35724162,1
64605066,1
146811701,1
2560409550,0
2309170130,1
219923514,0
2544478364,1
3188185608,1
755695,0
4696469899,1
262907164,1
15120921,1
21702220,1
4220390892,0
3038432977,0
398612282,1
768806253841649665,1
379140979,1
46182858,1
3127796386,1
21048305,1
44539994,1
3740882714,1
2827107229,0
969130340,1
758358493115977728,1
162380937,1
762749813817430016,0
330388763,1
868728822,0
770394748083470336,1
1319506603,1
410491220,1
721422997177937921,0
20709244,1
30678167,1
539304644,1
1341030121,1
51469091,0
222149255,1
237568693,1
2970995698,1
163484443,1
1379328662,0
756514146,1
97797669,0
1607169578,1
2688502513,0
410191417,1
15255690,1
2839408042,0
19300765,1
1153713116,0
2815895750,1
35054585,0
752690806843121664,1
3297910826,1
3116123438,1
149894382,1
200345016,1
367683979,0
323223493,1
731855169034407936,0
2837524258,0
725067109,1
2310897126,1
164681009,1
17726655,1
1429145508,0
1213690003,1
474626406,1
3318751062,1
1739551255,1
2834011466,1
353826298,1
2385538754,0
734741758190493696,1
21258949,1
2388016309,1
277091016,0
1027382700,1
3131613843,1
1884780398,1
2393506290,0
2900026083,1
1209867661,1
4661070327,1
1652036461,1
730393178512175105,1
3469521620,1
69397756,0
98773158,1
344218796,1
196458217,1
268979226,0
187403903,1
215396680,0
2650372441,0
29678970,1
274637876,1
2253288175,0
155351209,1
725029122691489792,1
533673215,0
224546075,1
189953011,0
1966489658,0
114698638,1
2636241323,1
17856110,1
219546296,0
199545574,1
327214542,0
1401698137,1
354172611,1
2466976567,1
129044855,1
256435851,0
3044644978,1
3255039836,1
108892786,0
3594672854,1
345446299,1
2575007515,1
712177938259640320,1
3148362085,1
50875746,1
3333983548,1
3154569729,1
3295740715,1
20751648,1
374490467,1
1618976089,1
81828940,0
31098828,1
813512664,1
445558311,1
49066447,1
1872281394,0
208655997,1
2430958988,1
32968728,0
44845304,1
1683935702,1
2733864000,1
2985614399,1
1311631482,0
299847363,1
320000449,0
369325711,1
3391379543,1
1544353886,0
404609343,1
712791788,0
237796056,1
507058341,1
316874546,1
143337751,1
577614195,1
4512682882,0
741069969920819201,1
346732820,1
599256947,1
557438271,1
565156962,1
3215730856,1
773433722,1
736167842039504897,1
2555976170,1
21091694,1
221980247,1
4302200483,1
1248346406,1
752262167437516800,0
556259428,0
20568320,0
3088549203,1
28809114,1
2782504471,1
2369435731,0
261320586,1
18590086,1
186156580,0
3313668872,1
172988427,1
42977470,1
891698605,0
868975614,1
15246892,0
4572842363,1
1576888868,1
2600907050,0
734212266044837888,1
1577945034,1
710303563,0
31320743,1
3363578751,1
295239689,0
2386368001,0
196653037,1
534589970,1
3195562057,1
3376730953,0
1591390472,1
3475336995,0
2915691653,1
29596691,1
446037325,1
1341330798,1
204997488,0
4847157879,1
66382897,1
237982739,1
6264612,0
996500510,1
209482433,1
3420417017,1
131362504,0
80093264,1
731651087871016960,1
24238398,1
2387746308,1
101854095,1
3023753980,1
27403610,1
245612661,1
1595742206,1
446730156,1
3093390575,1
2660251364,1
2284029337,1
729620388712349696,1
354618612,1
980462184,1
3091812411,1
368371386,1
451954723,0
419963584,1
20726618,1
83854160,1
70061423,1
2615587046,1
74609386,1
2211835920,1
3685431973,1
624555559,0
126977959,0
3284608501,0
149129016,1
703808295274811393,1
763375106,1
228203145,1
120670045,1
302930360,1
748088250,0
56154742,0
4370281153,1
14114579,1
95776897,1
2335643443,1
1173505441,0
29094472,1
1969261,1
3138302455,1
3234520340,0
2499870654,1
190694770,1
2766554164,1
3303999714,1
159935292,1
15091467,1
130500843,0
1063750279,1
1698006488,1
555549494,1
2434493347,1
3243984962,1
39977492,0
3473508502,1
4101677685,1
563717228,0
762800656650342402,1
504840724,0
123936058,1
762430039317065728,1
4585196953,1
1305323082,1
463292749,1
418389641,1
30480217,1
3294981856,1
996198924,0
763128384553496577,0
42891240,0
1977249710,1
561635422,1
1343287051,1
768616694285754368,0
724244928,1
634057623,1
2893030210,1
706638506475577344,1
114954534,1
4921836612,1
8376452,1
3148955279,1
3025857854,1
269383362,1
2450544780,1
237971863,0
14733264,1
2202222554,0
3606793272,1
635442836,1
280017388,1
36711098,1
3756221421,1
114455332,1
2208161496,1
3757214232,1
52904511,0
1969712454,1
113527566,1
1663496635,1
3305493985,0
377063008,1
2875636889,1
259327767,1
867144884,1
751075910820986880,1
768806658839420930,1
863226571,1
17939301,1
125213776,1
31096602,1
753205316297363456,1
433288765,1
252300306,0
630289964,0
4852062464,1
610891435,1
2277557854,1
2849182766,0
60557242,1
22924791,1
1022739794,1
3035045041,1
29856059,1
1161783374,1
21671638,1
578043427,1
229291124,1
203430800,1
172461030,1
710123098876420096,1
764934252785963008,1
3074165205,0
43628439,1
859065464,0
16653588,1
2335832054,1
22851978,1
44949602,1
17596197,1
89850730,0
409219430,1
85596203,1
471616553,1
203933442,1
722869267192909826,1
1340195240,0
961897970,1
1758169249,1
210917229,0
2544711450,1
716489867551764480,0
770716977048453121,0
712835244047540224,1
362454062,0
170761737,1
1364623915,1
2581598156,1
716934863316656128,0
359738503,1
1948293908,1
29322673,1
314015099,0
269972688,1
1093187196,1
416790643,1
971426569,1
259310022,1
1654399368,1
7914392,1
565902907,1
716383412832092160,1
2905649003,1
370102470,1
286842962,1
95856276,1
2266139084,1
761341696621867008,0
634949386,1
1053390794,1
4918960069,0
17010273,1
1638976808,1
767093070378786818,0
2385451059,0
3677099718,1
360211782,1
64103824,1
928791588,1
714506718634336256,1
715253629058416642,1
22096537,1
299480333,0
533643767,0
477975738,1
2837736946,1
163508092,1
65974890,0
442061362,0
3131916621,0
3096607562,0
4873894875,1
14810072,1
6065452,0
346476440,1
54255836,1
736205517987676160,0
16059376,0
100895378,1
2218315310,0
202905814,0
268827675,0
3918521178,0
2277907310,1
2463664681,0
321687893,0
110889275,1
759953831866294272,1
2396045375,1
251304381,1
222135382,1
410350463,1
83891821,1
3034756466,0
21352807,1
1928317970,1
102673526,0
8961432,1
703783237819240448,1
1342622455,1
3829391963,1
339888066,1
8410672,1
726105437125365760,1
3433749755,1
2303320040,1
86980188,1
36600790,1
3289098415,1
3093859981,0
4115628201,1
80385238,0
1591639044,0
48564052,1
107043993,1
2883666819,1
1679732623,1
24757120,1
172593752,0
2875974692,1
842074315,0
7501832,0
1919647429,1
14832328,1
30064493,1
386847907,1
80876513,0
4690149541,0
20327465,1
33014050,0
4443273859,1
733710370569883648,0
4788911909,1
40851610,1
1656931974,1
3373120661,1
702496942589345792,0
2862956911,1
2342689699,1
46943898,0
1462621352,0
2502043052,0
319334173,1
2812221331,0
197874698,0
1477858615,0
508866003,1
59771181,1
17294419,1
22542200,1
417441665,1
861408704,1
2871454226,1
729801779722883072,1
3247466372,0
38899996,0
3029949939,1
331468642,0
1464058206,1
49581497,1
141701133,0
3180615749,1
274126966,1
805028582,1
14124866,1
14836470,1
62176214,1
410076120,1
219856891,1
721758189054599168,0
467195236,1
3349867499,1
24256374,1
1031586097,1
701085787987685376,1
4805180533,1
14445139,1
1477389409,0
21253604,1
1278209767,0
4778619409,1
3376721375,1
2569867838,1
3325814262,1
2429668927,1
505760318,0
16191023,1
3366716715,0
55640170,1
2738388295,1
2459751696,1
3184574766,1
363562246,1
743534678901202945,0
2349282882,1
14340736,1
28528123,1
715173887953088512,1
18259007,1
1385658037,1
157951320,1
1430858473,1
53657668,1
518617763,0
1186025425,0
384276856,1
874730298,1
46764970,1
308904438,1
724702770096283648,1
606026741,1
277770740,1
531595476,1
1700745378,1
2766516970,1
2829674873,1
3080868576,1
4864218259,1
2838892526,1
2564142475,1
4378425017,1
2291708942,1
737870316614090752,0
143052179,0
15162892,1
752664735351468034,1
2896714066,0
14477074,0
19418794,0
2476976133,1
22249964,1
374594322,1
59954867,1
1573876094,1
1712831,1
4664788752,1
53932566,0
46958419,1
605031919,1
238828295,1
1925476452,1
3012573742,1
7350052,0
755240387174858752,1
85383187,1
3191720604,0
2864506134,1
3415059471,1
2224180624,0
3021980538,1
16854309,0
86725587,0
2493899774,1
231470127,1
751236619319947265,0
755375583979155456,1
22832708,1
3309991664,0
20945621,1
69477433,0
313625705,1
77648985,1
3139299528,1
3376671688,1
108360666,1
920000268,0
635011487,1
779314886,1
321652534,0
2934220776,1
2835630318,1
948380118,0
267936634,1
8518072,0
3196305816,1
1931226824,1
3150180776,1
2553124200,1
2856729550,0
2217809411,1
167429082,1
932703601,1
2870848881,1
409506562,1
2544594204,0
55610483,1
273535254,1
1713903728,1
3288930293,1
503353575,1
4512868294,0
16471256,1
712765109207175173,1
3192693609,0
267004350,1
711802172770557952,1
2154061080,0
3040779431,1
4829744572,1
1515041251,0
3388245413,0
82526109,1
557828551,1
734847737305300992,1
57998022,1
3238639359,1
364928508,1
3041300267,1
4705133474,1
4286971339,1
815639341,1
4779763407,1
432809372,1
2894555758,0
710828836196212737,1
354635776,1
18397062,1
2904244916,1
1689338184,1
3136367828,1
2847221676,1
499891595,1
2411113649,0
1944524948,1
371004542,0
2261047882,1
2193787283,1
954513102,1
139940291,0
2419866354,1
131374464,1
64588252,1
14744982,0
64216503,0
112324139,1
1894286120,0
4158942198,1
732046506698510336,1
147285071,0
374163386,1
83397587,0
148921176,1
4863483359,1
1463209370,0
588125997,1
17716516,1
160245128,1
247629502,1
294665606,1
306618321,1
583369707,1
4606105273,0
1244761950,1
62868886,1
3041943643,1
543456153,1
2327536579,1
2666442449,1
26167693,1
2561894326,0
3082278496,1
586035556,1
1668586344,0
45213380,0
4760755692,1
1073497698,0
748762612603637760,1
16998963,1
17395210,1
144629987,1
402697894,0
200821395,1
239480077,0
796515866,0
2995432916,1
9215822,1
16843235,1
418155088,1
299450805,1
571707970,1
711586995936612352,0
1978550202,0
2470203513,1
126749473,1
1975912297,1
59391711,0
101873187,1
17912843,1
726776829927895040,1
2275512848,1
162572003,0
139180102,1
74943067,1
365093718,1
24702493,1
157713354,1
748333335290601472,1
3096401610,0
767463599732318208,0
2811108358,1
3338910806,1
2859571540,1
752282119607431168,1
39955089,1
1576727964,1
1441404691,1
18044495,1
719069713297469440,0
2275310376,1
2654347764,1
537943650,1
2806141928,1
173499659,1
151442562,1
1701933138,0
15097133,1
749000792305172481,1
1565620440,0
14136582,1
2882920097,1
4009588632,1
2237233028,0
357491164,1
71041351,1
154142611,1
2910854367,0
768806372766916608,1
3795512897,0
81617002,1
737576178089758721,1
302497032,0
211140018,0
616722865,1
17238457,1
7372952,0
281196393,1
132033818,0
119122834,1
1725610087,1
1355683339,1
3002647860,1
218012342,0
336951477,1
107547335,1
768135762667864068,0
303006500,1
276629808,0
430924776,1
40090885,1
3173169669,1
67762355,1
1163663365,1
27000758,1
591721150,1
2871895123,1
3466535430,1
702043605117046784,1
525962289,1
31190199,1
3859384458,1
2721342306,1
377577453,0
264145427,1
729531245021958144,1
1632124232,0
621321406,1
717583916,1
83390414,1
288212767,1
332285420,0
382265945,1
44476007,1
263201938,0
1170935659,1
153746572,1
456491118,1
706929744797806592,1
512748714,1
749756942017564673,1
2448870254,1
17431860,1
1615086632,1
3911265815,1
60853683,1
3171545509,1
787868370,0
98693484,1
298653390,1
3111341715,1
2709193752,1
2893783176,0
2904881316,0
1362496884,1
359444945,1
143466189,1
2591507870,1
2505388730,1
3024659929,1
1476395058,1
756604012254916608,0
2269467420,1
703868405363814400,1
3341817125,1
1385774047,1
2449778418,0
718436390112006144,1
2556205344,0
1356078499,0
747561095754321920,1
523884431,1
742699539732258816,1
1571924310,1
449443616,1
340860170,1
2911891907,0
147031796,0
571909472,1
408853016,1
213448433,1
94898241,1
538531442,1
359476121,1
2936588938,1
115259658,1
198512068,1
43551514,1
1566712416,0
3063665612,1
755546016892551172,1
2513025430,1
146188486,1
119404841,1
569178481,1
1217298746,1
92235951,0
863183726,1
2387888168,1
4545036263,1
2221278821,1
624454726,0
865052491,0
2411188927,0
721596785693560832,1
2396469772,0
2243434783,1
767230007441707008,1
131344460,0
756302,1
30105506,1
58023319,1
907113282,0
4058882718,0
300810492,1
371981624,0
1397992440,0
4927752915,1
752344265515294720,1
1953465523,0
69010793,0
632963726,0
19994418,0
3025791268,1
2923144161,0
117240023,1
3431893732,1
2967268008,1
326503852,1
625848715,1
1645375218,1
768047486,1
234739389,1
1146919135,0
7078852,1
513616337,1
3676645661,1
590372169,1
765966986203504640,0
2474266831,1
935464154,1
78644405,0
499470004,1
1437136866,1
123487276,1
570159157,1
19297418,1
95216054,0
462454746,0
1733029471,1
17913881,1
950447563,1
538390026,1
33867899,1
227652011,0
1277662028,1
743760834745118720,1
2151573151,0
29794031,0
3042075699,1
225861086,1
396197445,1
740086975034753024,1
3874705822,0
723872532835786752,0
993373116,1
1113609776,1
2176588306,1
326956063,1
96414650,1
82469460,1
17138582,1
35088713,1
308697939,1
3221936595,1
54301769,1
43355844,1
2284717996,1
629141616,1
205507480,1
47448104,1
35623958,0
14320815,0
55374833,1
2860494021,1
724754448669618176,1
738808512755597312,1
2833362074,1
63517561,1
65552940,1
1031499828,1
2606851334,1
219549026,0
63100957,1
16860135,1
152987478,0
59085872,1
193487520,0
742994089,1
2395121324,1
1377836916,0
19991010,1
138134164,0
330033713,1
1146499303,1
2362598966,1
2314480513,1
158513165,0
17060480,1
735505209237995520,0
17094323,1
442392906,0
63103100,1
275843220,1
758172822,1
748634697899479040,1
3193263449,1
2808566649,1
3130513437,1
109042331,1
739506114501431296,1
528928538,1
124632778,0
58993886,0
30689319,1
1314336656,1
737083051281256448,1
2762497063,0
26099631,0
2307816974,1
1216972788,0
926196294,1
318744475,1
128899888,1
2541741991,1
309958674,0
276165142,1
141108981,0
41564418,1
67398165,1
22300012,1
109270628,1
14191378,1
241157629,0
498547375,1
3014248472,1
1921329415,1
2981539302,1
405147475,1
2840945764,1
55582896,1
713112567871311873,0
22651083,1
2832896837,1
1431588133,1
46812198,1
1962918888,1
1649225755,0
1945769556,0
67547596,1
1883294683,1
18252394,1
3129440050,1
1012792830,1
2605254031,1
231918084,1
3102908274,1
4757210488,1
1702968546,0
93579645,1
936981026,1
3002492483,0
22490294,1
314487980,1
211888307,1
15147882,0
109868594,1
703921664006819840,1
2958747878,1
84634930,0
737055606599786496,1
2357780814,1
281803065,1
3220443583,1
84119491,1
363821003,1
43804732,1
2341119207,1
1067653219,1
23563066,1
2499273312,1
114345117,1
2281290679,1
2352878573,0
2361506384,0
905933114,1
2851157944,0
3163148070,1
61542733,0
217721309,1
2469084638,1
3015333543,1
1974843926,1
371873865,1
203357948,0
7540692,1
127054240,1
70085895,1
1180030728,1
156608755,1
25138288,0
2306518984,1
230941628,1
36739872,0
244126075,1
4225263193,0
1364594401,1
15165643,1
2239410991,1
317135855,1
16968123,0
145741943,1
181806097,1
3429088955,0
2289859375,1
27107647,0
35032363,0
242266975,1
261029793,1
294697643,1
213807285,0
20097100,1
16122674,1
3073813809,1
63795206,0
2511440153,1
35568081,0
68125879,1
2589222841,1
941221358,1
26297078,1
1945994221,0
2797404271,1
49754809,1
1207668950,1
769063723080290304,1
743944071329157120,1
756959111716171777,0
42935811,1
15703248,1
1544091762,1
4427538260,0
255948953,0
2161949366,1
22443806,1
2314570070,1
79532957,1
2912041289,0
719382563542933504,1
264759509,1
3321576873,1
2155758846,1
3754413076,1
602499243,0
3367942019,1
588799652,0
3930334753,1
862425728,1
352674679,1
19015275,1
766762492718518272,1
2451251457,0
67128081,0
2786413944,1
4469607018,1
2908317502,1
52230551,1
16453781,1
2647902902,1
731989014866067456,0
76873446,1
597892657,1
46584257,1
379814008,1
1272240799,0
1636962481,0
729746076476026880,1
298761339,1
226528137,1
230318744,1
307128887,1
218975358,1
66890888,1
355377250,1
531385937,1
1577986291,1
34534626,1
709456241941159937,1
140293655,1
873797466,0
3225129947,1
499230135,0
451845427,1
323509676,0
240362706,1
27698554,1
62070108,1
3820837817,1
158817600,1
58822055,1
29900632,0
4864378879,1
27837597,1
235383399,1
2791287776,1
319709597,1
198104918,0
331442841,1
96883292,0
230878935,1
206825429,0
2951651049,0
2713780189,1
2296266087,1
2555726347,1
428883398,1
1077677180,0
3439052061,1
2969765028,1
26253894,1
701184588895416320,1
561981017,1
459436052,1
1217410250,1
311356155,0
18435946,1
1158560725,1
330762093,0
1129756027,1
13582,1
22454321,0
755891173143744512,1
158065434,0
798442806,1
36761617,1
747712459406999557,1
283686290,1
66988729,1
383498323,1
724099175999107072,1
39407104,1
3342496204,1
287150883,1
206267441,1
427232287,1
479942282,1
566418939,1
3040211744,1
262637037,0
355416292,1
916029648,1
1885740978,1
74641136,1
2477796692,1
233905845,1
35541069,0
768568533672337408,0
4018856903,1
2818691390,1
56917529,1
753338827,1
7881852,1
629585099,1
468647416,1
74186967,1
261293173,1
713658956,1
45136578,1
331990547,1
446020274,1
18756076,0
2419498388,1
18392064,1
21411907,1
3401144494,0
341597700,1
764358680,1
1938395798,1
16556849,0
2996681976,1
1579661264,1
3646911,0
2613483578,1
68344233,1
3068934341,1
65908263,0
733327452445888516,1
770656264649052160,1
4830252309,1
308923302,1
18631035,0
463545446,1
494588470,1
1228610100,0
577876782,1
3238176000,1
123370995,0
2315706224,1
2886854239,0
15613803,0
909448592,1
141261936,0
158406741,1
144174237,1
2165465671,1
2540780413,0
969647420,1
3306619318,1
75902209,1
460114134,1
147241822,1
1497172590,1
119009254,1
746477406,1
140626861,1
316157014,0
568611977,0
168870054,0
1594824152,0
750802705342468096,1
28501963,1
1323321187,1
27776446,1
57675938,1
3397978371,1
14870789,0
744854155894743042,1
34176623,1
4761632299,1
241142211,1
2864080317,1
496117298,1
259409243,1
99264941,1
1531368576,0
230059784,1
2444416458,0
177920050,1
756090758,1
222417459,0
1705885393,1
157736377,1
1373506495,0
4497247152,0
24433419,0
516559714,1
755391635295506432,0
2809985634,1
324363969,1
167579686,1
1205790420,1
47859478,1
3829908727,1
2438099648,1
79736768,1
512559831,1
36261248,1
21455202,1
3526256895,1
765473634,0
4706669658,1
14603910,1
54638994,1
603090125,1
3305599691,1
2812086102,0
2842304048,0
2990457099,1
311012247,0
323932530,1
106250499,0
51475584,1
137246882,1
258848850,1
350013121,1
3239315803,0
622677896,1
3261727746,0
3273754730,1
738264280492060672,0
89512409,1
1630330880,0
475873623,1
3326287370,1
3142593022,0
2527305086,1
717259829333647360,1
2826850652,1
2439730348,1
704700586562875392,1
73884690,1
3039797297,1
3104087996,1
2302249993,1
4492626988,1
399857313,1
2278200264,0
17041374,1
245070347,1
227379230,1
287842610,0
51687226,1
2885688397,1
41624329,1
3039764825,0
142773676,1
3270476594,1
18029228,1
1526558191,1
1247679542,1
3297961598,1
229349608,1
3301728090,1
777056666,1
352094180,0
16205477,0
45888970,1
21546538,1
14611587,0
1214519130,1
74226674,1
3242957036,1
1541184416,1
3166870626,1
3166049041,1
4500067813,0
1375314006,0
750121492596158464,1
1497135540,1
763201255833559040,1
3246614382,1
3333088872,1
200675211,0
2595522452,1
718799630,1
2746567683,1
1913074404,1
1552241228,1
89561217,1
49441990,1
274961402,1
443532809,0
131652784,1
1328786214,1
103335732,0
241650760,1
229294043,0
504731972,1
393105438,1
392155421,0
4835525662,1
733515581480009728,1
3229828349,0
1122039613,0
631860436,1
92188228,1
739501923921977344,1
86877222,1
1478641267,1
3950946493,0
708503298140086272,1
3438020193,0
25580315,1
433952958,0
15109462,1
156483050,1
297706698,0
1122887192,1
2868205482,1
747521453768187905,1
540428652,1
334159480,1
2794782427,1
54366293,1
1537926529,1
300823541,1
186216638,0
705004152934572032,1
750554105429491713,1
30788684,1
2600791569,0
329373504,0
2493923485,1
41590477,1
2967269655,1
2994106736,0
3170941766,1
53978738,1
382136377,1
3900730353,1
3035837259,1
2256762924,1
2417374162,0
334626794,1
763959602668908545,1
993657672,1
701617344334979073,1
2827178660,1
197302418,1
1532829805,1
368290649,1
16754280,1
17554259,1
1297788403,1
753401800141770752,1
2157328762,1
39618474,1
3262979832,1
765057549850804228,1
78157596,1
45165325,1
771184616191332356,1
834138630,1
2189268012,1
3232352348,1
2331096979,1
43960415,1
12457402,1
2866095606,1
44838082,1
64087752,1
820566907,1
24750147,0
761440326787670016,1
770084438848012288,1
80770211,1
701519467,1
1491723378,1
2423745058,1
45685465,0
584896071,1
741824632202887168,0
1599241862,1
633432230,1
51567066,1
757249221334564864,1
724860953490280448,1
56063250,1
1364552653,1
739072715508842497,1
2182358573,0
72524642,1
794778900,1
463228327,0
595761649,1
4376713035,1
2249427139,0
3317646191,1
2530874280,1
770335806724698112,1
764982536103682049,1
260850558,1
3000380426,1
1906709790,1
19662373,1
24820587,1
401134321,1
14819429,1
735603854654443521,1
19520658,1
20130580,1
164926109,0
288643273,0
216765228,1
185156339,0
118221097,1
20458677,1
717180372480434177,1
388753096,0
1443851580,1
24551410,1
29470864,0
3849383843,1
2873236833,1
758056218535530496,1
1587900835,1
174006950,0
552455784,1
21603527,1
1145931283,0
939430814,1
2774740670,1
2581452965,1
756634352226865152,1
1580686352,1
326339972,1
946822273,0
258945761,1
140638292,1
1242451496,1
1861675550,1
24808701,1
15625504,0
95122556,1
343082774,1
35126555,1
516122705,0
2683090614,1
490613574,0
517521284,0
2903358823,1
33024378,0
3224423484,1
348241629,0
15173634,1
3116898754,1
1047809672,1
1619876834,1
1951962589,0
372483171,0
3335040713,1
26758704,1
360155625,0
45387686,1
211547307,1
231004139,1
1209936889,1
3301726655,1
3723248123,1
3228409485,1
355509893,0
2764842830,1
82692465,1
761077068,1
744041162403647488,1
1861865269,1
1253381310,1
2375877091,1
3756826401,1
460418060,1
395196788,0
3296243175,0
543666832,1
456544823,1
1593327278,1
2743017797,1
3239633340,0
2886745944,0
4411346183,0
727376830894886912,0
423267919,1
765948007,1
2383887678,0
74985019,0
244337137,1
309208236,1
251018451,1
333763363,0
475838658,1
49149248,1
226409683,0
237114173,1
3192728227,1
3316289724,1
44119857,1
249860470,1
717464973857828866,1
14369435,0
3064403321,0
215995664,1
3242036943,1
735772321256902660,0
2396157384,1
26907347,0
762809780,1
708109219812102145,0
334974782,1
197861091,1
327230460,1
236891479,1
3098450951,0
1546717262,0
1593275004,1
130757766,1
267711963,1
1905278516,1
2886560514,1
16503216,1
2512085101,0
2845669868,1
2816513351,1
2463148140,1
25987264,1
109633081,1
711272535300706305,1
764137058994495492,1
291242443,1
3503659817,1
747908429302366208,1
2681031122,1
2494501406,1
72746402,1
51004118,1
440591322,0
758723168202665984,1
45511226,1
524703553,1
14452750,1
2664668667,0
2499721947,1
48501467,1
70658498,1
3220420045,1
623609854,1
2646421976,1
110655814,1
2171449255,1
723146983846907904,0
2910281018,0
3057353291,0
134741365,0
749456311666941954,0
718129555689512961,1
217595654,0
1539758280,1
3895802896,1
3030404468,1
158815850,1
121475405,0
258576445,1
8531732,0
151668221,1
2595408739,1
119833228,1
2875314076,1
25881902,1
2546809584,1
35839119,1
4812493217,1
2191600644,1
415883115,1
23177838,1
744604644282798080,1
186044621,0
2822640158,0
238505001,1
72921451,1
39962454,1
2506095708,1
161425877,1
765355014445490178,0
14415964,1
2817034059,1
15697612,1
4868648957,0
1700808978,0
763014646462816256,1
60684098,1
108206858,0
237677061,1
2440565147,0
146334818,1
4636678046,1
705493816103591936,1
2330546804,0
222837602,0
2317217045,1
3700565180,1
276196738,0
1938202490,1
63937476,1
17340440,1
4286947637,1
71955429,1
2938750487,1
1242534258,1
3243913959,0
196501566,1
2174806620,1
125839839,1
598814900,1
701877630245720065,0
16027904,1
2842557455,1
1379250560,1
323178643,1
735030096696737792,1
32540985,1
703594105843142656,1
736695148214550528,1
713094619765059584,1
2264548380,1
2463311912,1
620453210,1
30800702,0
90297955,1
15894895,0
17570351,1
571457871,1
578152963,0
270103226,0
2427717232,0
1965533286,1
351069900,0
578351964,0
35436700,1
28321749,1
1167115776,1
1014267948,0
591166408,0
77826266,1
41568357,0
40516963,1
90722611,1
3435796193,1
525973477,0
796850114,0
2484225699,0
3070640163,1
21355612,1
942004766,1
381834659,1
1358810629,1
3178536354,1
236323923,1
4337798413,1
757765261793517568,0
524984195,0
732853693700280321,0
114091355,1
246031455,1
1611500893,0
195609033,1
4889799935,1
301630211,1
243792941,1
191651629,0
307645288,0
114742501,1
17202466,1
1489317793,0
2819332746,1
169747612,1
388951573,1
346910039,0
409476055,1
1731908443,1
2225884826,1
1290044438,0
25969859,1
15306190,1
311842790,0
2460676561,0
4017674240,1
26834316,0
311294335,0
2803941993,1
927892722,1
379290022,1
713737670296514560,1
2341822425,1
1268239230,1
31167177,1
3366889804,0
3376033569,1
109231800,0
977620700,1
297939291,1
913466431,0
740453564544356352,1
47998160,1
29369471,0
64599674,1
24651255,1
244021508,1
62284405,1
384000926,1
23795353,1
47322623,1
14889206,1
21602389,1
40886812,1
7743912,1
558575793,0
143158686,1
2198071596,1
3303414341,1
3233771346,0
4805234739,0
138233527,0
1590803004,1
532713702,1
1240093237,1
343094523,1
4148518042,1
15350507,1
122085859,1
718485470,1
2885628011,1
1283380650,1
3191514706,1
3145669304,1
1461342943,1
1953071118,1
128329601,1
518711281,0
1596017881,1
327500419,1
702281311583514624,1
185846415,1
1577099366,1
265187728,1
340225488,1
24529035,0
170658347,1
1104841476,1
7376382,1
14945005,1
1146252012,0
169418391,1
572376777,1
2281814177,1
2439242754,1
151333586,1
3149053579,1
2715139310,1
2632548519,1
726917539012448256,1
66525856,1
30190699,1
1022163295,1
2438203446,1
15319698,1
2535019761,0
767285546,0
1217433594,1
2799885691,1
15141480,1
107289168,1
2437498970,1
14897244,1
2731585932,1
57935826,0
969444756,0
238383224,1
94009073,1
3361640020,1
1970068741,1
404504434,1
1071621300,1
2758448450,1
407036606,1
63237321,1
3402887309,1
2893435432,0
758686651409395712,1
731926698397171712,1
738300357781139456,1
1468194306,0
758384297992523776,1
2740390313,1
3097198058,1
2824563860,1
1125690793,0
475597336,0
11256172,1
63831735,1
1455680971,1
3353924487,1
1152104364,1
4781555438,1
3124768035,0
3074105351,1
384721383,1
2253452762,1
272624148,1
710185838584406017,1
265616103,1
20246691,1
604145782,1
2875990472,1
3131593631,1
57539587,1
4266082067,0
524164200,1
538622509,0
738712754501124096,1
1576785074,1
2928131749,1
4888840833,1
103012201,1
2881714450,1
729103850754461696,1
2599007006,1
706688057865592832,0
20323833,0
378921551,0
385465586,1
272783871,1
308003575,0
2836125786,0
109273619,1
621569373,1
452564832,1
15123455,1
2147938057,1
2844177022,0
756571490456309763,1
15161150,1
94397858,1
2840818028,1
28069670,1
52146222,0
547203193,1
134023105,1
3507480683,0
2842387204,1
2891663812,1
231233414,1
24019789,1
3331777534,0
420579657,1
2247107512,1
733452318855729152,1
3246495490,1
331165013,1
35223263,1
3393508961,1
749972943250292736,1
22517721,1
600419037,1
3091540181,1
751484412995334144,1
206571034,0
1444058504,1
2525728387,1
43963066,0
1364029646,1
4895956631,1
99136176,0
43169078,1
292774207,1
20015009,1
162050194,0
184681529,1
38036133,0
3259870376,1
598812662,1
2478122742,1
17204338,0
56181322,0
3297263567,1
1396987669,0
81394089,1
62456861,1
71621598,1
518120368,1
26720462,1
759214098584334337,1
1465494560,0
16091439,0
11322542,1
360808045,1
3106778520,0
23809346,1
262222205,1
1540099022,1
389830064,1
4102040849,0
30326965,0
2252953452,1
345709601,0
139486799,1
3416713383,0
2426595973,1
1393828404,1
21461168,1
375751746,1
2362358810,1
2189129035,1
14617773,1
766015104500588544,1
549252364,1
742002612308873216,1
2824105858,1
2470048953,1
21194751,1
2552072330,1
368974200,1
4632420152,1
201599447,1
1602730458,1
416538790,1
1900195014,1
597632464,0
707343814667735041,1
251214427,1
4638683549,1
3253247822,1
3430910050,0
707450790290575360,0
2965116819,1
709063132455555073,1
19776331,1
1492235790,1
1876787940,1
3331937919,0
2836706777,1
302570950,1
399552529,1
740739884885913600,1
752029801683120128,1
3477015615,1
184177756,0
393209641,0
772108376,0
487066064,1
255325854,1
430854390,1
52035221,1
1198522087,1
3048544127,0
913104372,1
254389133,1
533392410,1
25247839,1
39555247,1
221514228,1
833607517,1
47654475,1
3083756708,0
421192629,0
3284793343,1
3437535113,1
2740525862,1
1960661383,1
1261920379,1
18470598,1
143510319,1
79230881,0
721069715125194753,1
18328219,1
257599213,1
1549728014,1
421436547,0
753030579919224836,1
103380680,1
23375044,1
740504137381613568,1
82779009,1
738989906,1
605084307,0
4334125037,1
19112945,1
1151558330,1
3412009822,1
340053123,1
360923681,1
60015068,1
553967920,1
11067082,1
198644322,1
3689783055,1
2192873527,1
1380857005,1
2730998602,1
2765009229,1
15482117,1
3012513962,1
361074206,1
224485981,1
4069385361,1
2922662914,1
3115799823,1
347948281,1
74542146,0
371562139,1
96402175,0
300572584,1
271865456,0
96516082,1
1065559129,0
375137154,1
171101558,1
1327418390,1
929731344,1
70049484,1
573163084,1
1004761374,1
44643915,0
29869944,0
4625203572,1
4911266083,1
2420518304,0
2518729855,1
1968545226,1
191968283,0
29452797,0
2664912043,1
453596346,1
2311438214,1
41508585,1
190229370,1
59221830,0
753686736102912000,0
159190716,1
3018408526,0
167545625,1
554388662,1
22367931,0
23840770,1
49175120,1
88966665,1
3176995252,0
3161876000,1
56271936,1
398165519,1
1586507666,1
2154587954,1
50012141,1
174771486,1
1158032695,1
763968150295621632,1
1101246901,1
14359866,1
21753585,1
2506749942,1
30617095,1
93651574,1
309454422,1
78723987,1
17426542,1
63040443,1
909412267,0
556656946,1
172389198,1
178625571,0
78810661,1
255230184,1
753547609789399040,1
420060130,0
29417433,0
48742147,1
2217033283,1
3304940921,1
74976053,1
594176368,0
250419407,1
1716865304,1
184923804,1
2990185676,1
2460217402,1
2273385814,1
281305401,1
389347962,1
2944720399,1
2866768141,1
4082296214,0
82782658,1
495956613,1
1334737932,1
2148703552,1
2798693671,1
2869204563,1
755392512223768578,0
122234370,1
756056639476789248,1
1315348544,1
287133487,0
24054949,1
4661082088,1
2630702062,0
73280623,1
236712577,0
807861888,1
57042093,1
135028200,1
1436507438,1
630452722,1
798273404,1
190967818,1
30851106,1
715938119015645184,1
3184287842,1
723182915190804480,1
770774292065759232,1
28654270,1
2467267945,0
883895251,1
470230536,1
3161489276,1
16925594,0
88935246,1
735572965299998720,1
345742267,0
774483422,1
4898030844,1
114783395,1
15951458,1
33087325,1
207643022,1
735318701101223936,1
548001656,0
48979831,1
2995657472,1
752799595034390528,1
98439664,1
20454473,1
43450453,1
74881361,1
20862221,1
20478516,1
765384499475587077,1
589197539,1
371572371,1
1737417090,1
4445400137,1
109449668,1
3038135702,1
2858106009,1
307231933,1
14228245,1
711158825613656064,1
3091536717,1
296156656,1
469561480,1
1660948069,0
2313417064,0
721399874550423553,1
251038579,1
428112248,1
2411427924,1
1827565537,1
3273042487,1
123890742,1
2156228797,0
278647179,1
122214695,1
3202438813,1
51109691,0
2160589173,1
1556051,1
3064588269,1
77071383,1
27565869,0
1855894261,1
140996524,1
258188346,1
1268719896,1
24524403,1
1043778078,1
1619555502,1
21305274,0
3034107372,0
436413202,1
3431448194,1
82243231,0
2937139623,0
14783385,1
217814581,1
81992242,1
19149093,0
446785555,1
1028080153,1
18382000,1
265055574,0
2946494259,1
53065761,0
268491844,1
159079618,0
270870620,0
1622238847,1
3040754502,1
134584379,1
1566968047,1
3317421701,1
137955452,1
2286242202,1
2242742701,0
2318148162,1
21219240,1
31269527,1
719413490,0
219028295,0
2649556456,1
739602567718703104,1
263088303,1
1706197483,1
101911136,1
761354847316680704,1
3234026973,1
17001368,0
1032569922,1
2615568428,1
4294661357,1
1918824967,0
3167736189,1
149998515,1
486029666,1
1001106150,1
2923215620,1
3017409540,0
2593305308,1
19972997,1
65915419,1
28888215,0
19616981,1
12028712,1
772909980,1
387372420,1
1271450965,1
1155899125,1
70100947,0
1009179991,1
2566698655,1
3187984212,1
764437819003588608,1
2443170750,1
3237463464,0
1608523999,1
4596049514,1
4228134752,0
2661956185,0
1352273774,1
19407017,1
2368317447,1
57018576,1
93057874,1
2513118361,0
2246236673,1
2878860929,1
63307960,0
3392269311,0
3091790007,1
1910050794,1
140640687,0
3662725812,1
3290964205,1
574729215,1
1053262850,1
208958691,1
222548499,1
760750711,1
74995444,1
3296889187,1
595870180,0
114232540,1
4074132621,1
41818960,1
2567207767,0
756974317821423617,1
54540813,1
1728854719,0
2395663357,0
614100049,0
268957750,1
2368014133,1
722130897085075457,1
17816160,1
586135197,1
180723212,1
760148703831203840,0
4325802197,1
34213025,0
398682843,1
3300117046,1
74664353,1
705392971722522624,1
15729021,1
401798886,1
864253681,1
1578743316,1
498943205,1
4600898028,1
22669815,0
3342446939,1
345481610,0
600863809,1
3295941077,0
314586181,1
4760808667,1
413434664,1
750716090255347712,1
2709643917,1
2688465461,1
6620522,1
3313338228,0
19585813,1
239263713,1
15739662,0
452125056,0
1350259783,0
214537647,0
301928414,1
2278015124,0
439507516,1
3312085007,1
19856813,1
2866554065,0
68003308,0
3257751332,1
1549374042,1
2177619294,1
3317362856,1
1967802289,1
762685386548191232,1
1544124320,1
933343129,1
53601062,1
46553867,1
4373969715,1
36380314,1
731782226099064834,1
3440622980,1
1236791592,1
3301169910,1
3980323792,0
2949437567,0
2584324802,1
2801862465,1
256326840,1
164828257,1
703598221923373058,1
120000418,1
20647102,1
701482595746521088,0
2781879931,0
849922392,1
118377920,0
2921230194,1
3813035773,1
73999778,1
16068561,1
1622246287,1
19608643,0
740795995659862016,1
36139751,1
1348079834,1
352498319,1
200321297,1
161828579,1
3221663676,1
3013675044,1
3488421615,1
703617198,1
3182008179,1
509265496,1
114430338,0
2918347334,1
3215237673,1
121063027,1
222763067,1
3874718714,0
2819247932,1
731081152199589888,1
716024957709520897,1
395858170,1
1126884877,0
15767722,1
3270698395,1
1266056196,1
1198817232,1
215273337,1
476300132,0
284364763,1
178570039,1
709986001406595074,0
39562991,0
4260451949,0
28850890,1
1434591678,0
12853642,1
2233600495,1
2242496732,0
3621297314,1
161121773,1
20975968,0
2715731270,1
17691466,1
619027154,0
2916227444,1
168868903,1
1228916112,1
17837463,1
2910853482,1
240036847,1
3084884183,1
21528464,1
321808050,1
2567782002,1
123685890,1
14792444,1
21611174,1
749632901327777792,0
2439131868,1
942218766,1
4585559498,1
29768508,1
485320693,1
506904569,1
25273397,1
94519702,0
2413613166,0
3294911845,1
2580018728,1
203753141,0
56613731,1
390463818,0
2718323493,1
870994322,1
24077102,1
738576580578922496,0
1659927960,1
138081068,1
32213227,1
2716520172,1
706253273485983744,0
30518408,1
125831728,1
2715726931,1
41974318,0
572621267,0
24406734,1
99944372,1
386313633,0
401942424,1
3032763633,1
1347829406,1
2955865089,1
153599567,1
618220360,1
2397990006,0
291390715,1
129183718,0
419179700,1
207927645,0
2397197478,0
3097990314,1
2969212684,1
2881906803,1
325725828,1
743385683021074432,1
305721432,1
49103693,1
966914496,1
15007733,1
18296492,1
728978308298354690,1
516552339,1
346885598,1
19299182,1
1931381994,1
769273311704469504,0
2308899075,1
803207478,1
768626984213544960,0
339626888,0
2595466838,1
381387169,0
4038006197,0
64804073,1
1047100746,1
1974574694,1
732411580227297281,0
218070419,0
25129711,1
567443733,1
298372444,0
723033642549698561,1
3837575662,0
185260031,1
954816626,1
177008923,0
762524770382520320,0
71763187,1
108823502,1
2878585672,1
3854538088,1
2377506091,1
3071772412,1
3364492941,1
64534079,1
403046001,1
25185293,1
459013774,1
236737754,1
2749853251,1
164888524,0
2281367768,1
18521884,1
574304385,0
2729449383,1
893386050,1
750815093332508672,1
4875669935,1
713741257265324032,0
42597706,0
739719102747402240,1
768662040894435328,1
764988355,1
340936297,1
625857378,1
53974089,1
737844402777821184,0
715434369989484544,0
2980638576,0
330352796,1
3342234201,0
920777209,1
257298752,1
380619421,0
219715614,1
1140624630,1
310465066,1
1535451866,1
727920887324811264,0
754070533835149312,1
615843425,1
2202494677,1
422851144,1
34622745,1
382109626,1
24895581,1
53723419,0
3221906666,1
147276182,0
48972172,1
144317673,1
3236485405,1
146596940,1
4839591063,1
768806272959262725,1
2448646482,1
270256209,1
133852995,0
763484281335386112,0
710344736889036800,0
2923410714,1
2885533222,1
16152958,1
56798106,0
2805686847,0
590357996,1
515227637,1
17740430,1
1623330596,0
248490471,1
1709958314,1
2842708267,1
37982851,1
2411478006,1
29585554,1
326453403,1
37536533,1
2719569360,0
275366827,1
4772684732,1
1133585365,1
61878718,1
4006285983,1
449160454,1
709177561096572928,0
586783937,1
2813136577,1
521961901,1
3312944683,1
3098304162,1
308735416,1
62920071,1
783426504,1
3016379992,1
2179228063,1
470876827,1
39324634,1
2468794902,1
3428925022,1
3254982643,1
15181504,1
1133141348,1
2737167507,1
3287236321,1
2971582097,1
223346707,1
2893807771,1
718559988495593472,1
2302319312,1
728029921361207296,0
754145788083789824,1
2438519300,1
1661200621,1
211862583,1
2294470340,1
26360899,0
1306376502,1
795005832,0
33288656,1
14958420,1
19255699,1
150362823,1
1225979317,1
472647671,1
426113392,1
16205325,0
3061248939,1
266318895,1
2699580055,0
717173808688312320,1
4896479247,1
399971956,1
1281816492,1
119203275,1
2209498814,1
184041122,1
339949319,1
3387719139,1
2770327730,1
1039084639,1
473534699,1
512263710,1
2327062694,1
734208405099806720,1
3140884322,1
20646036,0
2701466408,1
38310604,0
4835119944,0
485197487,1
2544258795,1
16203750,1
15763704,1
51326961,1
412375299,1
1447270056,1
2314012052,1
1327433455,1
3091581208,1
1325507808,1
1471210628,1
3002642204,1
2722982402,1
4890401566,0
21986661,1
188502188,0
271272166,1
1142481000,0
566386678,1
384548807,1
3540916634,1
2990497584,1
4898102145,1
379826385,0
546142206,1
1143548906,0
3042144947,1
739649165488214021,1
294159620,0
271756352,1
4049331443,0
383950333,0
3302610216,0
599589512,1
311561615,1
3219875307,1
634772500,1
37153890,1
564821727,1
2328410364,1
4855916217,1
752629762116452353,0
21689566,1
734866610,0
1323267302,1
4874721587,1
444283883,1
3303083281,1
526145497,0
3025910676,1
544358673,1
112082288,1
1380957390,1
82628572,1
32144935,1
364418372,1
201691413,0
3343244680,1
1278330990,1
411874471,1
7734772,1
1490534736,0
1335054673,1
2947000250,1
1146375470,1
1657625102,1
15635060,1
734736843707535360,1
351685466,1
747954234168061952,1
735627352982454272,0
722836615597551616,1
1210353919,0
222368570,1
398689270,1
2822740460,1
2547104996,1
3104681846,0
30080018,1
2878714165,1
551555114,0
280114574,1
393374560,1
2963419571,1
2515359474,1
922186471,0
4831114403,1
2244948962,1
2869214136,1
24059921,1
82748400,0
708478130537672708,1
40118431,1
14085037,1
255117567,1
262775713,1
458687502,0
2796999111,1
42485864,1
3297248755,1
757278510658547712,0
713560470872072193,0
868891213,1
2873115386,1
84214529,1
1949881358,1
3038138897,1
70004715,1
1902635982,1
602999744,1
327248469,1
26910995,1
710047975389667328,1
1275559844,1
717048690,1
188092633,0
112141704,1
78686688,1
1081155866,1
508714433,1
1619755801,1
2936131868,1
18223749,1
2908551059,1
133214884,1
518144609,1
3246015949,1
338327419,1
553366603,1
20657138,1
106788288,1
85493071,1
756664747,1
611568619,1
3062236925,0
731372198,0
147035198,1
441644711,1
2208254828,1
185553910,1
2219063304,1
498441657,1
721446032593330177,1
757970593798959104,1
214588346,0
1257989587,0
170554305,0
2848349930,1
28467408,1
3288689164,1
345773547,0
21567363,1
4157270724,1
385634267,1
47372322,0
731942358,0
614039145,1
4094264532,1
2590536066,1
2371210969,0
610158510,1
186621683,1
2909356540,1
117841811,1
247838906,1
304549555,1
2379394226,1
2858428760,1
3167282974,1
732835189,1
2395362252,1
3096547031,1
1975565208,1
2295349762,1
574217355,1
767874827277443077,0
17586124,1
33701815,0
14916858,0
917775914,1
32846279,1
1077609344,1
526941484,0
164891902,1
44961262,1
1611733226,0
2818931604,1
21066109,1
3093615994,1
34021044,1
760348693656731648,1
582258629,1
766123619445530624,1
723766403774320640,1
4763465180,1
717715958131875841,0
279784841,1
167650848,1
1655776370,1
1062607903,1
584881784,0
2975562524,1
743599772032892929,1
411762025,0
1454923088,1
56340278,1
1048910743,0
2829877547,1
2485624838,1
28439408,1
208165282,1
2800619448,0
163071406,1
344128584,1
240569603,1
4734393568,1
167061362,1
3277000998,1
197872494,1
482162220,1
236853019,0
2186141956,1
514948831,0
86794748,1
980900755,1
377737097,1
732662387724128256,1
36571263,1
932399977,1
3087273833,1
354087052,1
740952375125368832,0
713710200,0
711416137,1
3352336317,1
59747917,1
49903521,1
757684325441613826,0
1690332704,1
142504208,1
25661441,1
260751748,1
2866019494,1
348160318,0
44381697,1
1499859427,1
324860442,0
47198006,1
758769625433837568,1
1002762198,1
1449590335,1
2371504171,1
14778132,1
60997190,1
762346233621057536,1
92720105,1
40706825,1
1648415124,1
2188682766,1
60851911,1
2555755285,1
192163803,1
82957280,1
3198487998,1
1634075551,1
4602324856,1
375426436,0
762963079239917570,1
1432319407,1
2741285741,1
2966901252,0
850324128,1
3430429113,1
3996214108,1
928666676,0
787990730,1
119381713,1
4742646614,1
210270199,1
447669895,1
3096968128,0
260907706,1
545387090,0
61561882,1
3046632772,1
2717834656,1
588795991,1
753190948025303040,1
490738594,1
57241741,1
572317284,1
21847020,1
1167612306,1
3187239182,1
3128523776,1
62103949,0
143856004,1
595905155,0
300916291,0
1870449404,1
447740511,1
98552375,1
766036578305241090,1
145472373,1
2881505805,1
320919737,1
254186167,1
133717609,1
3341933482,1
484117066,1
2764455767,1
2879480193,1
723545493377191936,0
322013403,1
865263246,1
381739935,1
3291408079,1
2980620744,1
393068666,1
2664243420,1
4914091276,1
105359465,1
404313227,0
815749190,1
1661680603,1
4805500583,1
721380573428756480,1
1553677477,1
1293051,0
22813665,1
15002099,1
22534492,1
163155727,1
37424588,0
987013050,1
700913791958122496,1
58318934,1
221221061,1
176203313,1
1955344410,1
1161697304,1
3190935754,0
722243378553823232,1
19582829,1
722144371013984257,1
168209841,1
708480374918111232,1
55552281,0
30518225,1
14507186,1
58532399,1
1027364791,1
382833996,1
8859542,1
62869171,1
700514548143386624,1
3003093142,1
17604074,0
3438862599,1
532817185,1
2394746635,1
165871578,1
3510382937,0
2383411874,1
1648462184,1
1576895888,1
767392215828226048,1
130393530,0
57934281,1
732185700263723008,1
2185563828,1
31119062,1
2245739399,1
251981577,1
850045710,1
3065312476,1
3119391910,0
2482036294,1
185251643,0
25238691,1
25828510,1
1067753414,1
266142716,0
2971353682,1
460698127,1
2219000707,1
215888149,1
4814016869,1
18631168,1
129243995,1
1563751609,1
2423023232,1
29636523,1
3087405870,1
724362272206905346,0
28099935,0
722910616369782784,1
2372381055,1
240950967,0
994900706,0
3301147155,1
285030149,1
3251721303,0
48557891,0
4613183836,1
770728602593849344,1
214194849,1
1014340771,1
16373856,1
101183015,1
324605560,1
92307848,1
14634720,1
2557498028,0
3282019226,1
2804526373,1
2906940520,1
46314948,1
39926655,1
42467931,1
55553049,0
73603,0
193314827,1
2997204777,1
2974998585,1
86063568,1
17970452,1
3411361433,1
33782570,0
4824303759,1
2998432401,1
3019643144,1
25391962,1
122002310,1
706976699154505729,1
49764792,1
762713981026959360,1
4259751394,1
2763715318,1
137123695,1
1727388470,1
259589724,1
748006468734042116,1
310232962,1
1706347820,1
709911756764815360,1
27752017,1
10399932,1
2642485521,1
95551424,1
2813627012,0
222306886,0
2272974714,1
14093986,0
726164754868269056,1
4107816094,1
1168007959,0
2174925770,1
149296998,1
2751139385,0
2782678854,1
2847528949,1
20898625,1
261782733,1
750227600824340480,0
2732666630,1
3313662570,1
295333093,1
119751454,1
857362004,0
188522784,1
729823638648557568,1
2461150645,1
614797307,1
1244501143,1
2859253386,0
2526223129,1
552830249,0
233135703,1
532557939,1
2579608051,1
104548867,0
792121,0
362122387,1
30302011,1
584257486,0
1531802029,0
293284811,0
15080354,0
3154983761,1
3087612894,1
1587029653,1
58076123,1
2376142080,0
3438641261,1
2869596159,0
321317633,1
356668367,1
2315475408,1
343801343,0
2856088760,1
765311865115193344,1
2222289418,1
31726982,1
77478129,1
18821763,1
271547120,1
734163380097798145,1
1039811612,1
517160160,0
1445154139,1
707539024345501696,0
301000012,1
8077292,0
634535936,1
3671368755,0
50348640,1
330020398,0
2297481931,1
47376171,0
900909097,1
6463842,1
207189683,0
3315797012,1
597865817,0
2827647946,1
2311238137,1
722881092236095488,1
4828153801,0
386884661,1
2926257178,1
998461652,1
2257188564,0
146880344,1
160549452,1
99883677,0
1582327034,1
39988740,1
2648454759,1
3023439110,1
737061878111686656,1
753627990572036097,1
3232633997,1
14464456,1
3529103474,1
241106682,0
3245184106,1
3113830906,0
32713778,1
1088961608,1
3016023121,1
3160442850,1
2678507624,0
730005355158077440,1
4205513779,1
2583378373,0
2361696694,1
1621976089,0
2690701310,1
15383495,1
1319203598,1
3400379867,0
3981168639,1
16708127,1
257529958,1
148833419,0
2223151134,1
1066261117,1
737286121260994560,1
2461804112,1
443180257,0
1511815495,1
61012620,0
108758064,1
10951172,1
23403353,1
28216167,1
704142248,0
1613883462,0
94698657,1
374986265,0
2291146274,1
539267235,1
1110752455,1
38900789,1
711161203217682432,1
791019240,1
22805742,1
52683327,1
704017236,1
529064214,0
2722811186,1
3713708174,1
1356122760,1
348629371,1
412523617,1
2587066550,1
9206822,1
1390742299,1
24134564,1
15907943,1
4491937700,1
403508839,0
4822370878,0
21229561,1
2905024200,1
114665434,1
1081078238,1
134137144,1
1589918012,1
1143244476,0
2384598901,0
3432233353,1
733569684,1
268462555,0
1590987374,1
737273878507094017,1
2437829395,0
61657885,1
752498572667392000,1
265479879,0
745644896023941120,1
65381013,1
150264417,1
48870719,1
1973061416,1
737002128435118080,1
896009384,1
2310651,1
485299024,0
3028458723,1
2887089525,1
31770138,1
18920410,0
13433152,1
14167540,1
497275122,0
429241895,0
2206594989,0
2878170353,1
37359462,1
2595731227,1
2700179458,1
53933108,1
245582839,1
3834513496,0
380077817,1
187164911,1
2460564522,0
20180585,1
29905232,1
63033594,1
4581939196,0
179396870,1
1140210716,1
242584465,1
406334712,0
4624282754,1
718395103245680640,1
467894133,1
1043624442,1
57313461,1
1214267636,1
4826170751,1
2635233047,1
732663742924607489,1
90754910,1
264046995,1
54071093,1
62972578,1
3477513553,1
459465966,1
4737652302,0
3790912033,1
757738077771141120,1
757637132039098368,0
254433696,1
3387646935,1
1649040955,0
1950254700,1
1053822001,1
623452239,1
730094983244435456,1
2378939599,1
504930213,1
122963622,0
360209164,0
757730430938255360,1
221938854,0
24988359,1
2919307918,1
22022711,1
1518144558,1
237501525,0
764854995728510977,1
340046590,1
128718701,1
2350273824,1
452668743,1
265616052,1
2969697503,0
91148942,1
3061921357,1
17329777,0
748353880019378176,0
2240061356,0
2704137990,1
88441783,0
630719265,1
41325414,0
622278187,0
4777373907,1
768327946016698368,1
184216573,1
637391451,0
1611459337,1
374567685,1
320918087,1
737453644816252929,1
2695581951,1
3197805997,0
161112186,1
1019556037,1
2556402702,1
3116934536,0
291837741,0
2870910265,1
1837234766,0
2281057092,0
248969135,1
2416935541,1
113936167,1
720588699407265793,1
765186518025695233,1
2822024541,1
4527708034,1
738955864174931968,1
1411846759,1
3431562620,1
3326836454,1
3340314245,1
335406188,1
194753314,1
800719291,1
660103,0
2940449197,0
16915906,1
2604223567,0
19675144,1
849538897,1
260042690,1
2212570931,1
2212945357,1
130075207,0
336222050,1
18552348,1
2870996727,1
3003979775,1
2207839039,1
1261882027,1
3273108818,1
734209927883939840,1
2466650454,1
257648044,1
170848078,1
261028695,1
25694770,1
2462527362,1
4377453561,1
393882136,1
34771811,1
591390496,1
167108580,0
3044337572,1
391583996,1
4904700556,1
4638196461,1
773596093,1
700533737302306816,1
711164783769362432,1
1591574894,1
750383211402792960,1
66036171,1
134674277,1
14803908,1
4291739059,0
390187169,1
373561824,0
739618882659442689,1
370005928,1
408806531,1
25157258,1
3241264461,1
158756091,1
4786581027,1
151959782,1
2684247488,1
542996392,1
1700250978,1
1095124225,0
2763741140,1
3960679753,1
1112519743,1
302225908,1
111124877,1
724674634067513346,1
52610191,1
2240520643,0
341175563,1
29497503,1
1031653104,0
559373548,1
3235489350,1
148491552,1
3383539486,1
214030001,1
996120313,1
37948238,1
533644281,1
4899542290,0
37358691,0
730427518692540416,1
35741668,1
578268272,1
2807663570,1
2478918703,1
3351385337,1
236633350,1
2718056258,0
1507919401,1
15961191,0
169198759,1
341548602,1
216417647,0
2320950714,1
569119268,1
50440827,0
82289762,1
3234519210,0
1128799374,1
2908736111,1
173369907,1
425531421,1
16343659,1
43168785,1
3088203808,1
758853951621992450,1
265399288,0
3005532671,1
207254715,1
4337261774,1
1920252128,1
53394320,1
30013331,0
721347470568132608,1
111177837,0
15150068,1
208282018,1
1252311468,0
269086629,1
521578010,0
1618488606,1
2401624056,0
389154122,1
13349672,1
3019578000,1
2997629346,1
626547101,1
110376659,1
745119705963233280,1
530874076,1
3351203661,1
411558739,1
342407074,1
762998218779164673,1
2807737267,1
2411345426,0
21911604,1
728972671153782784,1
82816882,1
321128943,0
3887419939,1
391954694,1
2670468508,1
338605293,1
1922152652,1
595155574,1
2285834730,1
4921273247,1
4897241,1
4750771458,1
15224745,0
3933638782,0
2560522029,1
300701406,1
1330310576,1
260364172,1
37059862,1
544477814,0
19363050,1
2561626143,1
4050289633,1
710445624,1
2372207474,1
373143817,0
185371604,0
48363789,0
2402890705,1
50170520,1
251618612,1
4526791757,1
732509713,1
3435714418,1
2321507695,1
40406017,1
126864793,1
719425834151350273,0
2593727650,1
3331430474,1
782643547,1
21262592,1
268000343,1
4625788338,1
1310300732,1
174116522,0
3423101079,0
941645928,1
1156482001,1
471596290,1
58065602,1
21374782,0
1352445853,1
16198135,1
751070567961362433,1
31107377,1
972278756,0
31014905,1
22708423,0
2778816007,1
148946699,0
2885751389,1
3144159129,0
40152883,0
815191352,1
2525283834,0
78810085,0
727943724035133440,1
2247227815,1
87491355,1
1010082690,1
4238473639,1
91411281,1
450570513,1
1471533517,1
35236925,1
40727239,1
131946519,1
1326627740,0
631133455,1
3739277777,0
2738269807,1
870455953,1
760970375266177024,0
2759611720,1
1410442225,1
4824119381,1
4896714273,1
3192491248,1
369115093,1
3064356496,1
3489948554,1
19477705,0
3300068188,1
37506240,1
729391623105216512,1
2413384939,1
3274759884,1
44311947,1
168245600,1
388844416,1
2419621173,0
104700212,0
2458539979,1
19236901,1
591482497,0
2753192107,1
759439734,1
374926925,1
90561258,1
13798012,1
611457228,1
3182709671,1
38445587,1
1910817294,1
3026654979,0
3141665834,1
4711298258,1
177728296,1
2193207925,1
176929933,1
24538648,1
2893882532,1
193869453,1
747229479098028032,0
24299196,1
4428639021,1
19870226,1
437778480,1
2804055650,1
2508337502,0
423059323,1
2661065365,1
995714388,1
16197277,1
203983627,1
34553221,1
3158160402,1
145727585,1
2651872074,1
2194216862,0
536484128,1
394503867,1
26652909,1
390915898,1
2543231237,0
760252899398131713,0
3490207032,1
104251465,1
47657778,1
4303241954,1
1625370284,1
3045468769,0
723696905931350020,1
62660463,1
3647423477,1
805681688,0
385629023,1
991392072,0
229164205,1
2425242746,1
25588237,1
153255067,1
3020165893,1
2525971676,1
2275625576,1
739657482042150912,1
93397735,1
56827470,0
3635786363,1
27557135,1
2856058216,1
279972830,1
1365664952,1
740699233452449792,1
1920592938,1
4166804716,1
3294075541,1
289547963,1
105520216,1
3050559991,1
51002583,1
3284942214,1
120218859,1
2928154079,1
485907955,1
559126823,1
29050008,1
135354872,1
159444513,0
4750515495,1
81036778,0
20152364,0
166444212,1
2728168321,1
1717794174,0
243776687,0
4491698473,1
499533882,1
2855760936,1
110937131,0
353665254,0
379508299,1
20210093,1
106438545,1
442453741,1
709956961224282114,0
278730634,1
77750748,0
2472964519,1
107631477,1
750882592241704960,1
15853000,1
1463209416,1
17628908,1
163912032,1
3835857975,1
9962582,1
197129451,1
515722683,1
2908936788,1
2634041429,1
737504321688866817,0
74642516,1
148961431,1
273609796,1
3501147253,1
25951168,1
325902364,1
78475656,1
1367629580,1
3362023006,1
2826695793,0
418408440,0
35259590,1
375888662,0
2482121668,0
1462067574,0
3062271589,1
2930557040,1
768806840423452672,1
1629650467,1
4410113957,1
3354164957,0
1514447408,0
323867068,1
2355685903,1
2253330008,0
1589887244,1
3271681891,1
1945520976,0
756095126611619840,1
1582234434,1
712791493,1
69223489,1
27930889,1
333665531,1
483589525,1
44197101,1
149400264,1
433722224,1
2561555594,0
442584877,1
169742876,1
4025869349,1
3365055141,0
436893086,1
745224420914929664,1
2865803534,0
762937563942232064,1
2458973952,1
54076061,1
123120917,1
1720235736,1
874608722,0
40408783,1
798636306,0
7961562,1
765274724083634177,0
143437274,1
223881937,1
129518956,1
416879419,1
68503476,1
137935215,1
612028951,0
2946888623,0
723214714227044352,1
4830044728,0
2987164117,1
14184732,1
3759515473,1
700548498257633281,1
41758439,1
732754985285353473,1
3400339960,1
1436143670,1
23190575,1
619103068,1
2490041856,1
262307665,1
738183461719183360,0
3157774842,1
1499622074,1
732325082421440512,1
1186658438,1
70500167,1
239978305,1
1622266195,1
1001200542,1
7399662,1
81328926,1
2417878371,1
2460350448,1
3316019896,1
259549656,1
423686127,1
815342028,1
2390735340,1
887106073,1
2490698651,1
57722673,1
747110567739957248,1
153897791,1
744526532,0
3421291661,1
230487027,1
14750379,1
2799020223,1
1630205334,1
70956699,1
1155371712,1
331250590,1
2963199829,0
4607939481,1
3140951056,1
1702368948,1
3246619208,0
2246271429,1
2345511456,1
1248020168,1
4926250233,1
302215046,1
778568894,1
3457621517,1
24167719,0
51245152,1
36812289,1
733502945442979840,1
47987041,1
2224366943,1
200215360,1
62683495,0
274292942,0
119954777,1
490609157,1
594792761,1
46753559,1
41525641,1
29544585,0
14511317,0
40362003,1
450135544,1
218157131,0
29980466,1
17377759,1
188251192,1
16669652,1
40472940,0
599810903,1
209323397,1
2311772216,1
735132139184914433,0
319729777,0
3288015793,1
143069782,1
1270658840,0
880223420,1
230042022,1
314806345,1
719950564122050564,1
15881303,0
707323188607254528,1
714212176844627968,1
287174048,1
727312730458198017,0
840433896,1
3134047253,1
716332032,1
4855904193,1
166740356,1
2843965601,1
2150026003,1
91186075,1
552069606,1
2610602262,1
2846161589,0
76031250,1
246971783,1
3625242919,1
34293787,1
2365163191,0
181314888,0
1732608372,1
732962939439812609,1
738917394496786432,1
22842312,0
475097891,1
104960245,0
29619757,1
1445510874,1
992102665,1
1539942980,1
41551140,1
231679211,1
21253438,1
2983229031,1
3091593004,1
2277020191,1
15879320,1
1499166679,1
45722943,0
348263523,1
3305716721,0
133900381,1
3797502732,0
312246402,1
1722826213,0
9611402,1
235569603,1
92131254,1
1859020896,1
1009371282,0
2737909938,1
758084044441563136,1
17911429,0
535879888,0
358214383,1
22695749,1
840442508,1
269133026,1
225589880,1
17643027,0
844402795,1
381885456,0
723034620,0
727571496877608960,1
768301122,1
408929052,1
514858242,0
2892744815,1
711241315,1
2920954291,1
709199280,1
627996743,1
2309225029,0
985338032,1
1115951010,1
65000669,1
2585331041,1
180253474,1
49654153,1
3260184727,1
49993431,1
2920335224,1
49361701,1
1714104811,0
14424667,1
18739661,1
411031635,1
3031636501,0
22310840,1
538467684,1
15928609,1
4785985292,1
814558860,1
585273426,1
1931237239,0
4260636376,1
4534978395,1
456035844,1
40331076,1
1009579045,1
436893401,0
1711098290,0
730812302895747072,1
53894192,0
92063900,1
16256934,1
721883,1
1542371244,1
36156989,1
4708570638,1
2639666856,1
4634908402,1
2885786680,1
866900521,1
4554628760,1
712122814690680838,1
1124768984,0
1468394996,1
88765716,0
139273909,1
396049550,1
3241569642,1
402445233,1
2720303996,1
117002395,0
16493968,1
631579397,1
3131245155,1
228839603,0
85060484,1
439423113,1
611294730,1
2690677752,1
62260440,1
480259239,1
16332215,1
2449417625,0
137646753,1
758624646837121025,1
1246184377,1
4243970838,1
237900600,0
18239888,1
245037305,1
2988363935,1
1510335974,1
28397054,0
2821620123,1
2759108867,0
438372615,0
135479476,1
11004022,0
2493373796,1
579764160,1
2373127303,1
1258290324,1
48581890,1
387910949,1
734347079120789504,0
248064766,1
23717092,1
760194704109547522,1
387345181,1
755254079220133888,0
1525286526,1
296713011,0
62193955,1
6778752,1
2482917116,1
60128755,1
3916810113,1
376231288,0
67478353,1
3351371764,1
755810497,1
48520595,1
15796410,1
32166444,1
30056611,1
1394584466,1
2778987709,1
142722371,0
2903095530,1
49931901,1
41621986,1
859007402,1
3295738829,1
2904663365,1
703347011257442304,1
3752149702,1
23015138,1
2820665295,1
128679421,0
18253323,1
1047771152,0
4071313402,1
1302054283,1
2890098127,1
747675912393605121,1
65725114,1
16224698,1
1683522259,1
17892882,1
14035862,1
74255309,1
1851873576,1
3234486212,1
3323046817,1
2685030469,1
54369024,1
274635952,1
765807319,1
1622475194,1
754820053,0
162080580,1
97018951,1
434310501,1
125432503,1
275993739,1
547748646,1
1576841540,1
151156781,0
220981095,0
737753917669445633,1
400838529,1
1482891308,1
733495242880647168,1
1610930737,1
27076961,0
739431976457883648,1
409720502,1
179152846,1
197171024,1
806069065,1
246971322,1
2908370570,1
186367446,1
2522656780,0
471607842,1
148021987,1
722837864782770176,1
4863374474,1
1709112282,1
1513856222,1
65453890,1
737077396331888640,1
417946482,1
123016168,1
1431596580,1
470091085,1
345497858,1
4440843017,1
197707118,0
2798545418,0
367876860,0
1342178599,1
2963478060,1
262756156,1
551026224,1
709254665947381760,1
758056506,1
743094243250475009,1
2933512636,1
83088160,1
3120017249,1
43785263,0
1261917972,1
2786382186,0
75772803,0
221687430,0
516583662,1
243074121,0
483547838,1
223688574,1
767585109356613632,1
177901712,1
104375685,1
2917954661,1
2459309899,1
3342508872,0
18895038,1
1066582844,1
723263035318501377,1
403674963,0
4284262458,0
620563746,1
758817347528302592,1
2723136605,0
798946304,1
4400305215,1
4539616993,1
763124742744379392,1
137895268,1
3299222375,1
4529945534,1
44515779,1
759813619823448064,1
28126740,1
111159497,0
263390225,1
3192468365,1
722457511744241664,0
74794254,1
101690171,0
87066110,1
517486407,0
377769285,1
339500454,1
18957524,1
3065667467,0
112592277,1
705254020659609600,1
19539813,1
410350305,1
610232124,1
3001906820,1
499181370,1
3126987693,1
1593365185,1
2690940446,1
1421991738,1
721435407934599168,1
35896909,1
549673983,1
178528654,0
534679109,1
268876529,0
93823936,1
255347428,1
327909215,1
824850984,1
2677621020,1
16109025,1
82641539,1
19810498,0
3998569395,1
58828115,1
537927291,0
2397170528,1
175958363,1
2211309805,1
280562915,1
749225864995434496,1
28348361,1
30709615,0
3307076782,1
2963657779,0
4550513265,0
296493118,1
2191308585,1
133813121,1
54169454,1
32616305,1
3247920125,0
3381038008,0
297424995,0
767981743316008960,1
1241397930,1
754152008274239491,1
63521072,0
920305964,1
1401358976,1
1068357853,1
740892950784290816,1
2391087476,0
170495689,1
181390842,1
168146206,1
3710122941,1
54625488,1
53204096,1
2800819081,1
219505926,1
748070462727434240,0
566429191,1
3310881810,1
20704867,1
267981891,0
2830858809,1
1357807526,0
147464765,0
172768169,1
214151228,0
560205167,0
245577064,1
2881711348,1
46628185,1
414767240,1
614954438,1
1042800374,0
417441631,1
474456375,1
290731902,1
283753334,0
3182750875,1
17634782,1
720987018,1
183993932,0
2550461,1
42334536,1
3480143592,0
453264388,0
172977437,0
87813078,1
19433387,0
107157676,1
480663701,0
267498190,1
2307192068,1
151276433,1
3233405035,1
16017624,0
311505260,1
305821442,1
324081246,1
568473481,0
13215132,0
2687445908,1
143937573,0
1494466465,1
239099039,1
66453183,1
869901024,1
2848696257,1
16572502,1
34143616,1
2230501024,1
381434858,1
24081122,1
455260424,1
1332860611,1
197866219,1
4387869569,1
740062474922168321,1
18162990,0
433643633,0
10861402,0
247054188,1
730373159631785984,1
119616407,1
346715824,0
2839462486,1
4837660192,1
201349100,1
18063190,0
220983510,1
1080951162,1
735886801387327488,1
287612002,1
486328835,1
3146476250,1
2426715208,1
729728616007897089,1
34522803,1
2671454389,1
720081151914876929,1
50962424,1
134103827,1
1022462234,1
50201340,1
3091612540,1
1128727950,1
8642282,1
326339415,1
14343213,1
45439914,1
2489167136,1
2836592348,1
4802394208,0
1975613088,1
2835676538,1
69090517,1
28861195,0
20758188,1
4851461044,1
122098769,0
462902908,0
208494436,1
58897472,1
216045854,1
19010539,0
730930018927452160,1
2245658845,0
1559266158,1
2477674703,0
369681378,0
1143999428,1
2908187728,0
207713395,0
1344044348,1
872600160,0
3160376942,1
326370520,1
86353622,0
748804637633810432,1
765921644502192128,1
491188213,0
18046440,1
736986230508814336,1
1127399683,1
3035736219,1
2614767518,1
497302633,0
2995172740,0
3119913976,1
607161641,0
14228082,1
32203248,1
1704943573,1
2338405554,0
2731205080,1
241100266,1
720392691733794817,1
807835045,1
2871955771,1
2190521824,1
2821803742,1
2257208533,1
1171080595,1
14592178,1
4693121263,1
32408612,0
2926988897,1
4786622214,1
2992391145,1
40199130,1
1608787903,1
443911403,1
4430010556,1
30079557,1
3120315106,1
3235239799,1
701846472,1
204950224,0
706982448362627073,1
51402564,1
320453220,1
184940507,1
3239928445,1
606337324,1
259130048,1
1422312391,1
18201501,1
4121449514,1
3461730672,1
761720709039083520,1
3103640158,1
222774725,0
711999876012384257,1
188727044,1
3398515394,1
572137248,0
49919662,1
131542941,0
222514338,1
2350987699,1
3012072137,1
2875955770,1
933334849,1
2811828234,1
808117434,1
185931941,1
278030608,1
3282627348,0
1403609114,0
2370385968,1
4772793194,1
1553483714,0
598119230,0
415217677,0
729694776472313860,1
1695159529,1
623401568,1
74627601,1
3297741590,1
18448643,1
3411439732,1
750432492340084736,0
741552536491032576,1
107854938,1
952102609,1
3500990002,1
3012100068,1
3257246892,1
2296624618,1
197932326,1
344395626,0
366668722,1
172699615,1
1344785628,1
770356062524440576,1
394403582,1
28340539,0
30478230,1
1669440840,1
2684346472,1
3313864724,0
2895733514,1
33563337,1
1858686524,0
1260367494,1
54922006,1
16102919,1
255786970,1
43953934,0
1587793610,1
3091243357,1
3916088123,1
2229284365,0
51127740,1
627144216,1
45990961,1
2365169399,1
17594825,1
1476515000,1
44729254,0
273208556,1
4106209403,0
2824991076,1
1610850560,0
465290872,1
3067928263,1
890557220,1
87795518,1
123879200,0
85670284,1
38125768,1
2940585742,1
1976665957,1
34880024,1
350624026,1
2473156130,1
606611487,0
50337211,1
88824652,1
2856080264,0
4496844625,1
21978028,1
2219256925,1
3474031463,0
35402311,1
3030429039,0
567495649,1
3321605684,1
407119181,0
706348256104570880,0
28409795,1
1029970933,1
71565208,0
21649027,1
3260267550,0
1326512257,1
138888495,0
748649907423051776,1
348926205,1
283352630,1
764717481986367488,1
810575172,1
3222935154,0
4514874111,1
13463262,1
4512962728,0
2881708636,1
1977314048,1
169907851,1
704683668539908097,1
25022806,1
13557972,1
448801608,1
67049467,0
275992052,1
2617820935,1
22840677,1
438688938,1
480066163,1
97755970,1
19236403,1
14914066,1
36362854,1
262469223,0
48365521,1
28884258,1
195875558,1
2819347452,1
3032872800,1
2823537241,0
265065360,1
2748371283,0
37599390,1
26267756,1
168506489,1
2506587411,1
1637018462,0
37670916,1
34935625,1
13200062,0
2934474329,1
320780089,1
306356206,0
353831335,1
246776637,1
130995522,1
1723285028,1
1106279480,0
2306611,1
116054402,1
3426091660,1
4703956268,1
2205233027,0
767605468189437952,1
19240249,1
368055401,0
274183714,1
362423096,1
2901908326,1
3404712605,1
308038342,1
1419507768,1
3323124669,1
237053339,1
361904655,1
2172,0
956839339,1
67947922,0
1442116176,1
2436196411,1
746270596628090880,1
98050540,1
42951015,1
2788227232,1
1127048532,1
2219957240,1
737798953,0
766136105246875648,1
761412253627408384,1
54694601,1
768806564757065731,1
1021657970,1
55350494,0
39765368,1
14840566,1
348307971,0
35258484,0
15841045,1
3200026720,1
194942208,1
2209704618,1
3074044946,0
26473119,1
243975557,1
702343064409481216,1
149011583,1
2505388608,1
15633744,1
33626422,1
4836579625,1
27704917,1
147258320,1
482735088,1
2370259131,1
4745737700,1
46073304,1
724629061822091265,1
342994241,1
9460072,0
3058887740,1
443123977,1
1005118766,1
2610775267,1
497540923,0
569934478,1
146587484,0
73171384,0
3549532336,1
1154480282,1
756503501274951684,1
32241681,0
3196617306,1
2690303958,1
462817272,1
355192278,1
27280000,1
468191374,1
372123091,1
144375456,1
1214810773,1
2437924681,1
3091119654,1
3969225539,0
2907990948,1
3143889479,1
1413743736,1
3984276493,1
1478386501,1
2452192561,1
1976923129,1
3862000215,1
4860812509,1
12388532,1
765957466685407232,1
2242044623,1
749083721462976513,1
354848421,1
582874449,1
385290318,0
3415139152,1
279964303,1
2690821224,1
20971849,1
235340145,0
18940451,1
554407776,1
14079746,0
538304939,1
20529586,1
313097713,0
525817082,1
2550636080,1
2798317598,1
163254412,1
764223421051908097,1
331085505,1
112955490,1
4413378556,1
571123978,0
238206130,0
404142316,1
2604518264,0
982065110,1
6368902,1
401571058,1
1266502471,1
108137545,1
335048870,1
707566325351227393,1
281961720,1
3874131672,1
102583139,1
119742201,1
37173289,1
53216775,1
22287639,1
2881676698,1
120790169,0
535652608,1
90328089,1
2957133012,0
3288236383,1
2657534412,1
2851787496,1
1110734330,1
941730877,1
763019650871558145,1
21723389,1
7462462,1
2920598247,1
420499546,1
2228325210,1
721513292,1
4855330630,0
319885429,1
48105806,0
292123514,1
2757543136,1
16818795,0
33953802,0
8975162,1
166950772,1
3435944625,1
441508464,0
2233318524,1
2795142794,1
571001995,1
271447589,0
3343589795,1
3622557014,0
2913727171,1
1126376305,1
118566137,1
266657815,1
1849107752,1
1373977088,0
1301925750,1
184600236,1
14320842,0
3325752201,1
2956592234,1
476605738,1
412901559,0
66277894,1
3386657122,0
716930280171429888,1
3073284357,1
2715980211,1
34987735,1
562821747,0
2751266348,1
4881257174,0
21276048,0
24446308,1
15665499,0
53584369,0
549952232,1
107128402,0
730191787751550977,1
196342850,0
28561791,0
230234694,1
457152405,1
4686704659,1
2836002702,1
22729901,1
1381980883,0
100307582,1
1202604870,1
1089449905,1
3115768800,1
184624507,1
84683561,1
23255132,1
22731154,1
1655348695,1
3001910321,0
546349485,1
2342960472,1
343247243,1
2258041401,1
2504424492,1
27275057,1
600483298,1
3012534790,1
144302479,1
1140297475,0
761048059694329856,0
763118960489304065,1
340120600,1
548822914,1
2960531198,1
38004913,1
225348751,1
272899187,0
2829894016,1
3947093412,1
723754871313313793,1
730221196936151040,0
4889913004,1
191976630,1
3395999362,1
267526489,1
3014367795,1
1396528051,1
757342922232635392,1
1957729544,1
2608310408,1
752864830814613504,0
3002005403,1
2945368125,1
29728210,1
381717831,0
123140671,0
51689856,1
1480725648,1
744356940227043328,1
10037802,1
758723585376555008,1
5515372,0
2515638146,1
13466932,1
198278223,1
3312764036,1
13339612,0
451972654,1
25076062,0
715892802257874945,1
725154178981597186,0
633781577,0
2819992999,1
3092678020,1
760522933261393920,0
1587022351,1
731023325271465984,0
808642260,1
1915233661,1
2944323673,0
184206788,1
743935770617061376,0
721149586123788288,1
52303850,1
351995311,1
2887603788,1
2492075149,0
2319786030,1
2794554204,1
82289657,1
321408176,1
95131884,1
743471447008477184,1
500938969,0
3401101469,0
3128045373,1
820487113,1
2561236061,0
325594003,1
22881830,1
37098733,1
707531762,1
30341683,0
751370230002319361,0
2952131280,0
504005187,1
14346659,1
45665831,1
129245360,0
381721893,1
710870426,1
69272368,1
110579431,1
1340647489,1
153576660,1
55093269,1
2274059755,1
82495488,1
3314895073,1
396820830,0
1137769555,1
421198189,0
25962697,1
964563715,1
249243294,0
500585935,1
3318418976,1
250916381,1
3011737200,0
1517189581,1
14956864,0
4847971647,1
725458687565828096,1
133464894,1
2302054688,1
17992555,1
2856882913,1
1408882327,1
134302158,1
3375029793,1
401501594,1
975043471,1
719896605806239744,0
1673360677,1
719154157,1
2881586477,1
236153406,1
187212702,1
1517485753,1
458707271,1
1058802138,1
821108359,0
38540562,0
13551012,1
617110366,1
765001548778856449,1
1615255508,1
542859757,1
148908323,1
762099478782279680,1
1582239014,1
2352357685,0
283901770,1
763059914340196352,1
1611754904,1
763562463237332992,1
78699234,1
3240298794,1
303815430,1
739920974133514241,1
516586981,1
1529281777,1
251812711,1
561746568,1
2302442252,1
253499905,1
768907243286769664,1
3320644422,1
2909905025,0
51265603,0
575520770,1
18894703,1
3097991625,1
2880191774,1
704266853686898688,1
2320787660,1
581965636,1
3206757545,1
22420450,1
2989393210,1
3096702665,1
3262209973,1
750691825594302464,1
456597300,1
117182080,1
353215065,1
141823052,1
728462489516564481,1
1304302562,1
2479284446,1
576725177,1
1353030110,1
19288213,1
752464462398054400,1
738825450101821440,1
735442135,1
399880481,1
43698922,1
3241429222,1
95018206,1
352862581,0
471202842,0
2416248448,1
3302954915,1
3005398930,1
467133656,1
706382704984522752,1
3161088194,1
25282841,1
3159488757,0
596529209,1
3382699715,0
726811897417224192,1
572107543,1
749300340655259648,0
731270334834483205,1
52316453,1
76192915,1
154128397,1
186035657,1
206785794,1
448568220,1
3098124406,1
758901917149908993,1
239404355,1
3171321661,0
733360663356178432,1
1369035834,0
68309082,0
16876752,0
3346141649,0
202755777,1
17520627,1
78262626,1
304179838,1
1455702092,1
632286050,1
24993608,0
116376470,1
17796871,1
3194983477,1
21948368,1
542856710,0
435522686,1
1638727094,1
2548717243,1
4830526497,1
70156569,0
979667251,1
211375606,1
3990255024,0
3236288083,1
565520971,1
285205444,1
384241686,1
293816981,1
13568722,1
434325499,1
1570841995,1
758653577254567936,1
765840919,1
42155249,1
552844908,1
734443221812674560,1
430589068,1
64725062,1
173377791,0
38611529,0
100297075,0
219877344,0
205616670,1
3348995908,1
1606587745,1
80002928,0
318305349,1
53358442,1
23038759,1
37749317,1
555741725,1
471751388,0
56143061,1
936366606,0
1369630357,1
86475868,1
2906422609,1
1559477065,1
2958651612,1
160714736,1
125409887,1
44237417,0
2664189539,1
746349240146866176,0
548770409,1
874818637,1
210859828,1
70048789,1
769858756272283648,1
369379594,1
25808237,1
22290086,1
129895355,1
8071902,1
411904930,0
747678937887686656,1
2160721319,1
1058899129,1
3032564461,1
3242359209,0
26647156,1
51904324,1
721030342057070592,1
836419597,1
830439709,1
550227669,1
2247660987,1
737513959,1
229700807,1
401510613,1
287991559,1
4728165144,1
422215505,1
1619055685,0
2817281598,1
3065463113,0
318511712,0
321085112,0
865745298,0
1739516522,1
738510668,1
16160446,1
187090442,0
323233038,1
30686109,0
411958308,0
85359208,1
271322794,1
621147893,1
2203345754,0
3317264574,1
3158119436,1
551494403,0
765706401985376256,1
60712271,1
106497798,0
724120242390204416,1
623068666,1
4917651094,1
2422903748,1
298613909,1
1625800136,0
17500500,1
4107793940,1
65038722,1
2455369350,1
737040123791966209,1
996580824,1
2934136159,1
2497594603,1
848380572,0
16268349,1
134919810,1
353406293,0
3102755194,0
2710307287,1
2592342907,1
4727177543,1
2190688044,1
164222663,1
1609107704,1
1618094370,0
2357186198,1
234638023,1
763130533459140609,1
2408102581,1
898038727,1
372291193,1
54273401,0
711539502,1
348165419,1
711303323668733952,0
15238375,1
14079873,1
2317161896,1
1349623333,1
433903354,1
92041440,1
419050957,0
707504065,1
8244382,1
509700385,1
1115237750,1
575056791,1
15383,1
3115672824,1
1695264374,1
1486266668,1
19883059,1
2520726003,1
716747505984253952,1
3268484252,1
132129393,1
57615825,0
4054358352,0
2279382673,1
20633845,1
3251930160,0
1742360072,1
206428434,1
298820773,1
548144046,1
2512040760,1
2644443134,1
337756392,0
104300226,0
4531278442,1
310866154,1
508244115,0
1355288173,1
934837854,1
2233944943,1
2196323620,1
1977741337,1
474905434,0
78291632,1
14337094,1
613391190,1
438697431,1
3293922253,1
266270567,1
703954550,1
3281011196,1
252433598,0
727580665642930176,0
1733211248,1
752281441,1
2342047794,1
2423983051,1
17617356,1
129960904,0
720621527885082625,1
24285721,1
623516447,1
4506777116,0
221795226,1
424648720,0
30481970,1
1517318136,1
414639314,1
3464453236,1
1295555828,1
19120894,1
572965711,1
719367416631812096,1
3420447353,1
10943642,0
3011136007,1
2881544913,1
3231330683,1
2498529713,1
1665548186,1
2981813883,1
14490154,1
709256668358385665,1
255596127,1
365492456,1
105543253,1
95711070,1
14128238,1
3247100643,1
3347446373,1
2773585549,1
344312266,0
2898199131,0
1244999317,0
96636938,1
636287283,1
4909776532,1
345191484,1
1889332453,1
32119426,0
768797924407046144,1
39253866,1
756041672346050560,1
3180984128,1
626712055,0
98633226,1
4028673917,0
602517366,0
68262503,0
3474376281,1
2952987634,1
385507946,1
441131586,1
2577727488,0
54599989,0
37720107,1
2463396332,1
3280328456,1
277983079,1
857549384,1
19457778,1
120444309,1
334797160,0
3314580366,1
60604257,1
78425607,1
57119358,1
3144002356,1
563540960,1
163022427,1
1925928025,1
282857806,1
1185544790,1
1054459699,1
88979823,1
67958804,1
131475001,1
42993762,0
3423361827,1
61890416,0
164557121,1
24043714,1
117630495,1
2810601744,1
90657573,1
1251477906,1
128431735,1
16949854,1
475440244,0
1315281006,1
1166735318,1
713784480385875977,1
73179368,1
17207172,1
2823438574,1
2739395187,1
1114933915,1
113748959,1
357073968,0
413751003,0
2349078825,0
2223883255,1
3541761314,1
2875534718,1
749765305,1
1894752582,1
3090760363,1
3059845042,1
22997360,1
700894172664823808,1
3081186479,1
5839412,0
748195892,0
1072815721,1
76123504,0
347424608,1
2908052700,0
2342438579,1
131613421,1
3390107356,1
262243594,1
3342558913,1
2712589909,1
129575487,1
2938491381,1
372105859,1
90794392,1
4671712849,1
411661959,1
92876967,1
637151420,1
294641790,1
1649277673,0
16263665,1
814242486,1
52171965,1
564388509,0
735170759480496128,1
765578992342695936,0
2836730387,1
3408511414,1
241656749,1
87226416,1
2293176799,1
3031192491,1
112162552,0
203981100,1
46737971,1
1152808536,1
2674244094,1
169699597,1
264704104,1
2574938256,1
582219349,1
581599547,1
134313841,1
395602995,1
761997900599529472,1
546270359,1
2390620848,1
212326276,1
849621698,1
719935066785251328,0
744737352841474048,1
426310157,1
29250236,1
203207763,0
441516495,1
44137956,1
19647620,1
1933981711,0
2975716167,1
79273453,1
32373458,1
411185138,1
430148532,0
26476926,1
17324527,1
3218809204,0
154521153,0
497186452,1
3408604335,1
728745897081765888,1
3237815367,0
254051223,1
727231431085297664,0
1183188954,0
701313730336808961,1
123934159,1
2208211878,1
120123383,1
2436212776,1
4873683255,1
19237173,1
3305574447,1
309467480,0
2336247360,1
261049517,1
2428199407,1
19345520,1
2506986194,1
774966642,1
736535608131194880,1
14356961,1
323843639,0
210098697,1
14914385,1
2393055440,1
3351964708,0
1582359571,1
3607526176,1
3404390074,1
503624385,1
228345671,1
4572281,1
16847689,1
26131543,1
1688957876,0
3576844582,1
418603961,1
98251498,1
2409372914,1
295502971,1
45052430,1
272773600,1
3770331867,1
949274826,1
194797555,1
32402995,1
741982068452691969,1
1330680530,1
126481061,1
2275176955,1
751425676515958784,1
226926769,1
307020540,0
74614792,1
4394600537,0
2893976604,1
2532087254,0
26685521,1
1121932537,1
3011219835,1
2584930699,1
290527349,1
1596559753,1
263205995,1
272691386,1
365297999,1
23475353,0
762515562970779650,1
207435997,1
2525420522,1
389807131,1
65916865,1
26588369,1
47949019,1
51153301,1
1642954868,1
38528036,0
359524790,1
704496172145070080,1
2987702690,0
18525951,1
2713171192,0
3198429007,1
756931759636373504,1
149379911,1
14385661,1
717053615152742401,0
395971237,1
1586150251,1
21421531,1
2785021765,1
3282566394,0
2902316648,1
767436338039693312,0
4613564908,1
855650773,1
14966598,1
2483523452,0
762180386159853568,1
732783267187937280,1
907046347,1
924314582,1
2849404722,1
249225679,1
726029166,1
2547343104,1
2276436087,1
143897141,1
764136346357272576,0
2430767167,1
1340481060,0
1610069208,1
113058766,1
757875208153919489,0
442125004,1
128590065,0
289115116,1
751588036421574656,0
2680153357,1
3026998962,1
143196668,0
49635347,1
595638718,0
770469394145239041,1
3161298393,1
2590010456,0
382242537,1
2868263299,1
40080125,1
2898019527,0
2877757837,1
3072322605,1
722504702987005956,1
22234724,0
742711548104282113,0
1003066188,0
177026405,1
325361405,1
1360804964,1
749962222101667840,1
845802066,1
2376729690,1
3170619550,1
1214528118,1
4862658378,1
753965662112878593,1
311716272,1
31659233,1
2573274826,1
767875639978360832,1
571592019,1
2449328120,1
745037319313498112,1
1675789614,1
717932452874825728,1
3151719486,1
22507897,1
755961774663430148,1
703339421643481092,1
247995939,1
513120768,1
745745537442381826,1
35422754,0
266159850,1
67784183,1
510670932,1
2488349361,0
1576622628,1
568475620,1
2219306221,1
293303332,0
23327302,1
1665539142,1
898374318,1
1273924561,1
764857250271879168,0
4623051027,1
1342838222,1
4854495748,1
26029947,1
523821772,0
306987777,1
191432837,1
193345365,1
3107676563,1
469271854,1
102211274,1
33342221,1
1601699820,1
2316738511,1
2417769337,1
3065044724,1
26030707,0
3310975254,1
18602163,1
615749071,1
314414260,1
853518055,1
211213421,0
405594421,1
127969126,1
300571141,1
350144145,0
702272921415254016,0
2613189287,0
29296775,1
990665588,0
67368423,1
1373321875,1
321583149,1
594007681,1
2198448431,1
410170716,1
3226036359,0
15687597,1
762447648838131713,1
149159975,0
4736863714,1
713411503,1
382526942,1
4328144533,1
62817787,1
257534493,1
313495964,1
521494285,1
2460217643,0
97807872,0
157463832,1
3329528201,1
14252051,1
1410782874,1
2868382543,1
3419607074,1
552740554,1
835564591,1
447230091,1
89518607,1
737579356709486593,0
63215790,0
22104250,1
944352642,1
442432010,1
767857361910308864,1
4843412651,1
48564648,1
382031231,1
2755784474,1
3150384080,1
4806372274,0
2957675292,0
704095867,1
55607687,1
497209967,1
1275496394,1
3027935565,1
2429799942,1
4036239826,1
3536939081,1
3022688287,1
83636989,1
175472962,1
730211303080370177,1
3204649480,1
212447571,0
2568677713,0
991242212,1
202423723,1
128139761,1
84899206,1
4635422209,1
2450886924,1
42886121,1
106953286,1
20581040,0
3148713116,1
2806554471,1
3365561211,1
79551353,1
138079025,1
47190755,1
125346905,1
2827395231,1
1003970262,1
43769576,1
568778911,1
3231505687,1
347889980,1
113669840,0
1349152518,1
20972776,1
13631542,1
355550655,1
1247790031,1
47809221,1
2665984544,1
313972094,1
44389556,0
181721022,0
566934862,1
10500612,1
4141377432,1
30884730,1
493027617,1
131020034,0
431754831,0
53579560,1
572965077,1
1579623367,1
2795910423,1
4397845829,1
3302519375,1
1505331612,1
2575066711,0
66516929,1
57024667,1
2284145821,1
4835540237,1
1928660610,1
913051927,1
3409406231,1
408187328,0
18396146,1
17778308,1
1582285506,1
1697961506,1
2247989789,1
445259504,1
1886837924,1
712976786,1
2386048760,0
621612412,0
231196864,1
80248301,0
549225678,1
2174450912,0
1661974285,1
724167385016492032,0
828079946,1
2806296256,0
249857097,0
353413562,1
720048392840155136,1
53025097,0
741815127750651904,1
713597591146131456,1
3277848594,1
1630535366,0
941052313,1
209258381,0
83988099,1
791812220,1
93054398,1
1690984621,1
770583595597590528,1
181284480,0
749038596925956096,1
22423258,0
3368302648,0
394470970,0
2814180686,1
111850487,1
16806308,0
168431796,1
1664161320,0
724293577627582465,1
486989267,1
624634200,1
3315764610,1
417843722,1
710909333287018496,1
617287162,1
150046718,1
765418128285179905,1
3293082916,0
87590777,1
14354037,1
312072431,0
2966217767,1
19298121,1
2241643639,1
58172821,1
768806674417147904,1
262348644,1
69798353,0
3301873302,1
993265872,0
176946822,1
205357474,1
393771900,1
1862629969,0
1623765374,1
1105925390,1
469844442,1
49278021,1
1293584941,1
298449127,1
2326542698,1
2905768485,1
282146226,1
23611033,0
1514640870,0
256116725,1
266497085,1
76579287,1
275243189,1
355502530,1
3392249968,1
3093834868,1
2198013288,1
1340097206,1
22103505,1
987902244,1
514526364,1
2885475279,1
18427082,1
730495300360667136,0
3954960492,1
3339309559,1
14479285,1
289133518,1
91420497,0
460361029,1
412969475,1
1469006966,1
283303367,0
111998580,1
395026105,1
18188880,1
89309555,1
4024916412,1
1074925334,1
312050513,0
30869332,0
1959004706,1
3217644605,1
3036353135,0
5302652,0
2311106352,0
4181010793,1
79832898,1
88700430,1
264316802,0
1287741464,1
1343460476,1
3105133291,1
29169273,0
2347109104,0
3305689691,1
1193690227,1
4470635175,1
505006116,1
2305479236,0
186567201,1
263646905,0
38256058,1
348591583,1
770627740018077697,1
35465972,1
410334507,1
38076968,1
2163849854,1
34570475,1
40518337,1
22958865,1
961553838,1
564050158,1
1405107115,0
808094744,1
473540094,1
754904906805325824,1
40655531,1
3657678376,1
344147140,1
315844461,0
702724268430209024,1
223104961,1
1029589776,1
724416535838765056,1
1565026362,1
717740325427515392,1
1198772342,1
2446157840,0
771577011592499200,0
2716216295,1
2389279952,0
163929607,1
2595851454,1
3007607311,1
612055649,1
262363959,1
134542611,0
1254440228,0
722567856580235264,1
7272252,1
4242721469,1
3432242987,1
306435153,0
72734970,1
764117691447832576,1
3315130841,1
718180176883027969,1
245449579,1
1496219797,1
362652152,1
227875498,0
118703791,1
270962190,1
225276237,0
608567121,0
45967234,0
3015144167,0
3082848110,1
197558355,1
195894994,1
2777847072,1
601947257,1
493970456,0
41985286,0
27203428,1
403104101,1
2893546197,1
2717595992,1
339928625,1
3054425407,1
3309220952,1
987490814,1
404546181,1
14235423,1
158678865,1
2464928269,0
342249077,1
16385323,0
705081494,0
539504391,0
3102590988,1
283958707,1
15116871,0
13988062,1
78827851,1
2829426182,1
114333878,1
77529443,1
1496418265,1
1333518060,1
508911283,0
2228357243,1
4444156279,1
66134821,0
3557728595,0
1519412996,0
2788359896,1
69203104,1
59351974,0
62760423,1
510873895,1
554480656,1
1474603927,1
820606,1
234342821,1
407739932,1
62110241,1
4851438618,1
2692216867,1
42985381,1
52008524,0
4224429852,1
1262130272,1
262050746,1
4776245493,1
603289779,1
3065711123,0
244217240,1
1881182454,1
2952177574,1
438544969,1
298808244,1
3102366571,1
1621153333,1
1918681915,0
2993030809,0
3188569901,1
18855102,1
2801147499,0
3700254195,1
743623344134590464,1
299943485,0
371055811,0
2324068104,1
1001419640,0
725647441123487744,1
412485230,1
2325646950,1
588702805,1
215256384,1
1539896286,1
51912787,0
443652095,1
764734930295201792,1
727640866408562690,1
3046709493,1
1044786170,0
3497203575,1
322655643,1
728563643202215936,0
603908303,1
823935361,1
1723564472,1
3092731780,1
572158885,1
730752488,1
3315943036,1
1974551466,1
1324747338,0
733415554531221509,0
2883434399,1
180441559,1
893713388,1
752663080606326784,0
1917489098,1
150281312,1
369300543,1
343461992,1
2243267292,1
1947195163,0
348035352,0
726881109791936512,1
1915764462,1
359968543,1
7952522,1
2847158282,1
17832698,1
727251342138417152,1
3234262332,1
2300113454,1
278177447,1
3023096655,1
28247906,1
365229234,1
280266897,1
2950642906,1
2637469328,1
2937341639,1
912206924,1
12158132,1
2286496932,1
2166289980,1
24661935,0
58234200,0
617105874,0
1549052863,1
59346212,0
703537008002605057,0
38759188,1
735282054393389057,1
378969365,1
15901205,1
137771031,0
1556466133,1
2483732927,1
286892368,1
996042991,1
1576834280,1
237578024,1
304765373,1
1104026622,1
419111814,1
2878761950,0
614016765,1
2651878800,1
64414414,0
2956857769,1
78084063,1
3689619441,1
4884499936,0
490796897,0
377287901,1
756562686905901056,1
758025098649604096,1
1619862864,1
170961101,1
46544692,1
242852502,1
2363572343,1
15035463,1
422735235,1
2848942426,0
3044531515,1
27797429,1
141707438,1
557826585,0
328860741,1
107530591,1
472343078,1
1419602660,1
3000176627,0
131424493,1
2271347796,1
300196862,1
151318625,1
2765506273,0
2203375692,0
459707608,1
2240052798,1
4027608255,1
547868555,1
1546050007,1
48164350,0
412042220,0
17268437,1
4547330182,1
3100868908,0
1880232133,1
13258912,1
751220875,1
1384452228,1
1244452034,1
18949311,1
277768943,1
1852327555,1
339502845,0
3056416518,1
2897122004,1
940573358,1
100347496,0
909090392,1
381875287,1
792671100,0
3712559958,0
2268813272,1
233982677,1
2798745630,1
88133727,0
3183349537,1
4192798572,1
71534180,1
732949789055193089,1
245855482,1
621859242,1
1683187207,0
766500060754501632,1
442456735,1
591215354,0
2905105899,1
2803620333,1
4600375399,1
10924102,1
2291345335,1
3368059006,0
1302582630,1
2865839081,0
20718696,1
107889918,0
147386426,1
497565139,0
15826992,1
3400534461,1
12351932,1
56267926,1
3022622838,1
738922677612609538,1
1952278398,1
403841949,0
3436343369,0
767858743,0
721578916838776832,0
762992209125748736,1
441164514,1
3155207717,0
4598666660,0
598219474,1
20471933,0
749425490985824257,1
1878154663,1
2249873953,1
4875010743,1
194716830,1
1969936531,1
1195074354,1
3331854267,0
421595726,1
351579164,0
1641402103,0
846724556,1
277460371,1
309549270,1
52925014,1
380503223,1
455346057,1
3369570814,1
795799304,1
1147084213,1
2566458096,1
3111807486,1
2649966481,1
109707218,1
12045782,0
311578488,1
586406963,1
709141557593645058,1
765942401169035264,1
849617791,1
2715042694,1
290477024,1
714896841150742528,1
1434158742,1
569597587,1
319603324,1
526338139,1
199730942,1
40756525,1
594492917,0
4966041,1
718753364805349376,1
39480858,1
2890830045,1
3017571,0
24612832,1
739649137512046592,0
21732312,1
623320042,0
355623589,1
173586167,0
2752505173,1
760815835,0
551212857,1
764558466346213376,1
81328323,1
93708173,1
4291977880,1
34106521,1
2866424384,1
4832479639,1
299183908,0
16031862,1
2487832047,1
2810063792,1
516911147,1
1895982476,1
722830877055692801,0
1163955990,1
99566309,1
718234779011915777,1
465883101,1
703416278866911232,1
3144424492,1
857132412,1
324219841,0
729374198011858945,1
2297229292,1
151771285,1
4647054872,1
2617609904,0
1678789076,1
3182255707,0
195648900,1
45441207,0
788351587,1
212033879,1
171202876,1
2322976940,1
381176525,1
373559736,1
3196917134,1
461150999,1
471622718,1
3236580433,1
261537008,1
738547396112613377,0
1181254550,1
1279610450,1
318139884,1
807767424,1
3039718725,1
228602992,1
31352794,0
337639852,1
61411080,0
760783831922343936,1
1263110184,0
607866258,1
19676810,1
754080764,1
129729809,1
494026634,1
3174308880,1
1576748916,1
1917573655,1
705356586072592384,1
958811160,1
2469050779,1
1027971440,1
73667093,1
215856228,1
599666249,1
3975242836,0
311692649,0
233907386,1
193932369,1
315431109,1
364441422,0
429963300,0
1444639562,1
478111613,1
850248398,1
131320017,1
236958834,1
104629426,1
13213532,0
14204898,1
2844570751,0
169373727,1
2858943845,1
15892766,0
3383549440,1
2592560606,1
952501244,1
16273255,1
870647360,1
153814036,1
2873021933,1
2891305952,1
31222777,1
3079637138,1
433051884,1
506884824,1
44587882,1
120301579,1
3526378113,1
3037079508,1
1535847282,1
383361427,1
32597094,1
787861002,1
37446507,1
271044800,1
2209261165,1
3076783425,0
85671174,0
4475460257,1
566757511,0
1582050678,1
753318503629795328,1
192674940,0
74907035,1
596728628,0
3302944545,1
751069609521012736,1
144593304,1
68836945,1
791786665,0
164778200,1
2185171932,1
4173870673,1
701167502643093505,1
1409285647,0
1004129204,1
2983509118,0
2177235993,1
993919921,1
108147943,1
59867098,1
385422431,0
28184533,1
141605349,1
61801887,0
68487718,1
28362683,0
351368477,1
188362484,1
19612916,0
159286648,1
330186370,0
752209428481318912,1
20639921,1
1132672532,0
752074630672871424,1
22862620,1
118930388,1
256846184,1
14408722,1
217809931,0
1433257123,1
2605065885,1
1181130824,1
719673275886997504,1
3065549501,1
88030459,0
2365044151,0
282538556,1
976546620,0
455659819,1
2552960898,1
375807888,1
21922273,1
187160388,1
594430745,1
115575697,1
266939053,1
22468009,1
2280090002,1
42368754,1
331170122,1
494407151,1
2596156956,1
749143064539693056,1
55653443,0
851772187,1
1486370353,0
1007530832,1
719069326469255170,1
759571121347948544,1
711761809,1
18449101,1
599475848,0
707289739490107393,1
72044205,1
324107689,1
18606244,0
49082616,1
1547630412,1
1170461748,1
761158102716645376,0
3088826283,1
711706063654002688,1
48832137,1
2722780610,0
85701191,0
315650573,0
41465435,1
756639642624069632,0
839303516,0
3305252920,1
336548480,1
757048784824131585,1
74439232,1
455444298,0
321221719,1
752026412136226816,0
169399521,1
2876991930,0
1619845266,1
34618586,1
85124556,1
44198355,1
4260682514,1
2882477540,1
2742723330,0
605713391,1
284826535,1
54350891,1
335461141,1
1696068433,1
101121016,0
3042613146,1
3260668286,1
1095761780,0
2471585232,1
499683585,1
3302065969,1
352659981,1
6699552,1
175372202,1
24594813,1
38629019,1
50260211,1
763993923890982912,1
23923530,0
1135011900,1
238870838,0
2819311226,1
139361426,1
743904065701109760,1
99838112,1
1716962042,1
2611605827,1
3223728264,0
1349934984,1
735284930931007488,1
311594385,0
92051235,1
35339857,1
535498018,1
46631906,1
2927878926,1
4724501234,1
3065850809,0
2649287208,0
37711824,0
494257164,0
2611224171,1
606013105,1
124571802,1
56090923,0
756798477405982720,0
3429382492,1
1420660507,1
1641283411,1
25566663,1
